mean_utility,oracle_regret,mean_quality,normalized_cost,method,K,utility_ci_low,utility_ci_high,recovered_gap_vs_learned,recovered_gap_vs_oracle,selected_model_entropy,rate_log2K,empirical_H_Z,new_model_id,examples_per_label,calibration_query_count,new_model_evaluations,labels_switching_to_new_model
0.5867409072564272,0.08934806457229132,0.7059537145480939,0.27597473734672934,routecode_no_new_model,16,0.569310622717789,0.6047665597070887,0.7822049670952255,0.740729339936289,2.1613922878683773,4.0,3.6969485652592695,tiny_cheap,0,0,0,
0.6760889718287186,0.0,0.7891331384953851,0.26169448495651704,query_oracle_with_new_model,,0.6630740632867617,0.6904090319196098,1.0559929584570038,1.0,2.3292543265432086,0.0,,tiny_cheap,full,1440,1440,
0.23274606476465326,0.44334290706406526,0.25232418976465326,0.04532288121860315,new_model_always,,0.20884530632175152,0.2596047305048953,-0.30253634590584644,-0.286494662187811,0.0,0.0,,tiny_cheap,always,0,0,
0.6659623358822467,0.010126635946471889,0.77854074734058,0.26061627302436124,routecode_label_calibration,16,0.650263824333099,0.6815671385751562,1.0249620533298618,0.9706144772286326,2.3157717134481937,4.0,3.6969485652592695,tiny_cheap,1,16,16,2
0.5737636066555782,0.1023253651731403,0.698040913947245,0.28769893115648465,direct_retraining_budgeted_logistic,,0.5526866003442462,0.5914278570187625,0.742438811199037,0.7030717442319635,2.1623057878499496,0.0,,tiny_cheap,1,16,16,
0.5762485682324207,0.09984040359629795,0.7004274015657539,0.28747096634797165,direct_retraining_budgeted_svm,,0.5572330095474812,0.5973331919894903,0.7500534432785535,0.7102826181478681,2.168748559067814,0.0,,tiny_cheap,1,16,16,
0.5860738086229974,0.0900151632057211,0.7115775742479974,0.2905381522443688,direct_retraining_budgeted_knn,,0.5700125902079374,0.6030172717468836,0.7801607863313638,0.7387935497896875,2.177700719599366,0.0,,tiny_cheap,1,16,16,
0.5638781856715499,0.11221078615716855,0.6940379721298834,0.3013167267595743,direct_retraining_budgeted_mlp,,0.5429602933156668,0.5852227181077045,0.712147057617818,0.6743861802434681,2.182863419073373,0.0,,tiny_cheap,1,16,16,
0.5765312113192932,0.09955776050942533,0.6987156644442932,0.2828540248744126,direct_retraining_budgeted_gradient_boosting,,0.5580740388893884,0.5947400438396953,0.7509195424313171,0.7111027932691388,2.192174286956736,0.0,,tiny_cheap,1,16,16,
0.6659623358822467,0.010126635946471889,0.77854074734058,0.26061627302436124,routecode_label_calibration,16,0.6510298130524514,0.6807006441328592,1.0249620533298618,0.9706144772286326,2.3157717134481937,4.0,3.6969485652592695,tiny_cheap,2,32,32,2
0.5753363771858228,0.10075259464289568,0.6996232001024896,0.28772095959595956,direct_retraining_budgeted_logistic,,0.5562236558224477,0.593820468431927,0.7472582293521884,0.7076356176125147,2.1652825762687984,0.0,,tiny_cheap,2,32,32,
0.5766045594236257,0.09948441240509283,0.7003760802569591,0.28652804785826175,direct_retraining_budgeted_svm,,0.5601888445448691,0.5963156281126059,0.7511443019742519,0.7113156351646598,2.1659866744883374,0.0,,tiny_cheap,2,32,32,
0.5860738086229974,0.0900151632057211,0.7115775742479974,0.2905381522443688,direct_retraining_budgeted_knn,,0.5673556082754553,0.6038285700364512,0.7801607863313638,0.7387935497896875,2.177700719599366,0.0,,tiny_cheap,2,32,32,
0.5627009085082385,0.11338806332048004,0.6974960439249053,0.312047446389024,direct_retraining_budgeted_mlp,,0.5440984616145534,0.5825576692793955,0.7085395441102553,0.6709699514905473,2.2112177556233616,0.0,,tiny_cheap,2,32,32,
0.5770185786247803,0.09907039320393814,0.6995594848747805,0.28367920515313566,direct_retraining_budgeted_gradient_boosting,,0.5585025919237121,0.5952345863033467,0.752412975067642,0.7125170381505698,2.1957734614466604,0.0,,tiny_cheap,2,32,32,
0.6659623358822467,0.010126635946471889,0.77854074734058,0.26061627302436124,routecode_label_calibration,16,0.6503215451229979,0.6824042078330108,1.0249620533298618,0.9706144772286326,2.3157717134481937,4.0,3.6969485652592695,tiny_cheap,4,64,64,2
0.5737636066555782,0.1023253651731403,0.698040913947245,0.28769893115648465,direct_retraining_budgeted_logistic,,0.5532584090972331,0.591601169416768,0.742438811199037,0.7030717442319635,2.1623057878499496,0.0,,tiny_cheap,4,64,64,
0.5756705092349163,0.1004184625938023,0.7004112748599163,0.288771825879112,direct_retraining_budgeted_svm,,0.5570672333498577,0.5955448635657429,0.7482821053925797,0.7086052036615422,2.174100966770585,0.0,,tiny_cheap,4,64,64,
0.5860726759037009,0.09001629592501761,0.7131371134037009,0.29415106951871656,direct_retraining_budgeted_knn,,0.56752548413057,0.6029092869980851,0.7801573153558878,0.7387902628591752,2.184387196319461,0.0,,tiny_cheap,4,64,64,
0.5590074629932681,0.11708150883545046,0.6925968484099347,0.3092561645870469,direct_retraining_budgeted_mlp,,0.5360731644136548,0.5809378659085508,0.6972217720511892,0.6602522928466834,2.198666905969669,0.0,,tiny_cheap,4,64,64,
0.5800394958368684,0.09604947599185017,0.7009788968785351,0.2799717597093934,direct_retraining_budgeted_gradient_boosting,,0.562963362602688,0.5983382117616607,0.7616699283047054,0.7212831508058941,2.215034732398519,0.0,,tiny_cheap,4,64,64,
0.6659623358822467,0.010126635946471889,0.77854074734058,0.26061627302436124,routecode_label_calibration,16,0.6499425482252313,0.6820697412294113,1.0249620533298618,0.9706144772286326,2.3157717134481937,4.0,3.6969485652592695,tiny_cheap,8,128,128,2
0.574985938464504,0.1011030333642147,0.6995945426311706,0.2884658753308486,direct_retraining_budgeted_logistic,,0.555929839775465,0.5929387217463427,0.746184385010237,0.7066187127805729,2.165897788366283,0.0,,tiny_cheap,8,128,128,
0.5741621633636927,0.10192680846502584,0.6993630696136927,0.289837040187976,direct_retraining_budgeted_svm,,0.5572775648823883,0.5940201854163583,0.7436601027970228,0.7042282780783353,2.1737654404920175,0.0,,tiny_cheap,8,128,128,
0.5854799346032576,0.09060903722546092,0.7113639971032576,0.2914185302220062,direct_retraining_budgeted_knn,,0.5677919392287663,0.6054011684343695,0.7783409866998348,0.7370702431928441,2.1800272769079623,0.0,,tiny_cheap,8,128,128,
0.5647999167601124,0.11128905506860605,0.6997407396767791,0.31238470939339924,direct_retraining_budgeted_mlp,,0.5439654065764988,0.586823148149256,0.7149715049577943,0.6770608641202462,2.20903554353733,0.0,,tiny_cheap,8,128,128,
0.5823521088463525,0.09373686298236608,0.7033107963463524,0.28001640738940203,direct_retraining_budgeted_gradient_boosting,,0.5635683037772629,0.6010949862433022,0.7687564351439381,0.7279939027881682,2.188868216555016,0.0,,tiny_cheap,8,128,128,
0.6659623358822467,0.010126635946471889,0.77854074734058,0.26061627302436124,routecode_label_calibration,16,0.6503390745763957,0.6783346817481272,1.0249620533298618,0.9706144772286326,2.3157717134481937,4.0,3.6969485652592695,tiny_cheap,16,256,256,2
0.5733295454246954,0.1027594264040231,0.6974784464663621,0.2874016738237995,direct_retraining_budgeted_logistic,,0.5520375810858634,0.591755441293381,0.741108723601725,0.7018121831840797,2.164717361418194,0.0,,tiny_cheap,16,256,256,
0.5750659874049319,0.10102298442378667,0.7001910967799319,0.2896615722735375,direct_retraining_budgeted_svm,,0.5571585057978323,0.595590414152086,0.7464296778290049,0.7068509991957459,2.1718854030392096,0.0,,tiny_cheap,16,256,256,
0.5855812911365101,0.09050768069220845,0.7089997494698435,0.28571071679360455,direct_retraining_budgeted_knn,,0.5673753901416491,0.6047503777986414,0.7786515720693492,0.7373643600873055,2.167388330763463,0.0,,tiny_cheap,16,256,256,
0.5685778902769234,0.1075110815517951,0.6945747913185901,0.29167974869010965,direct_retraining_budgeted_mlp,,0.5492285721871278,0.5866331374637639,0.7265482949592025,0.6880238065420631,2.2342924574546634,0.0,,tiny_cheap,16,256,256,
0.5791127466625655,0.09697622516615309,0.7021425956208988,0.2848110955814833,direct_retraining_budgeted_gradient_boosting,,0.5581170859271569,0.5976685681283592,0.7588301041166472,0.7185939054228494,2.2088743743947883,0.0,,tiny_cheap,16,256,256,
0.6659623358822467,0.010126635946471889,0.77854074734058,0.26061627302436124,routecode_label_calibration,16,0.6504303724476342,0.6800135991864482,1.0249620533298618,0.9706144772286326,2.3157717134481937,4.0,3.6969485652592695,tiny_cheap,32,496,496,2
0.577958529221566,0.09813044260715267,0.7026276906798992,0.2886060639820666,direct_retraining_budgeted_logistic,,0.5618277317396868,0.5960086585869281,0.755293252185061,0.7152445914873151,2.190585327393772,0.0,,tiny_cheap,32,496,496,
0.575047868906384,0.10104110292233456,0.700180525156384,0.28967904310484527,direct_retraining_budgeted_svm,,0.5557158875125701,0.5940532886209275,0.7463741575740599,0.7067984228461591,2.176583385691324,0.0,,tiny_cheap,32,496,496,
0.5923601612207912,0.0837288106079274,0.7162482758041245,0.2867979595419435,direct_retraining_budgeted_knn,,0.5754037444310584,0.6115409772904452,0.7994239663339847,0.7570353191578924,2.266266022101705,0.0,,tiny_cheap,32,496,496,
0.5730154296349821,0.10307354219373642,0.6985126692183155,0.290523044617296,direct_retraining_budgeted_mlp,,0.5564052085524045,0.5926232255506929,0.7401461830975483,0.7009006804165014,2.3157769463467517,0.0,,tiny_cheap,32,496,496,
0.5879944030174997,0.08809456881121888,0.708482486350833,0.2789269702371307,direct_retraining_budgeted_gradient_boosting,,0.5680413153209338,0.6070721025250586,0.7860460361575201,0.7443667401968997,2.2796766837038316,0.0,,tiny_cheap,32,496,496,
0.6659623358822467,0.010126635946471889,0.77854074734058,0.26061627302436124,routecode_label_calibration,16,0.6495715522589003,0.6800331317168973,1.0249620533298618,0.9706144772286326,2.3157717134481937,4.0,3.6969485652592695,tiny_cheap,64,897,897,2
0.6187548347071434,0.057334137121575195,0.7372004492904767,0.27419870496407933,direct_retraining_budgeted_logistic,,0.6001766927642183,0.6381421833951015,0.8803047853094355,0.8336275145202857,2.4037462317449525,0.0,,tiny_cheap,64,897,897,
0.6141505281849658,0.06193844364375266,0.7309026531849658,0.27027831793874574,direct_retraining_budgeted_svm,,0.592976824581588,0.6304755424337992,0.8661958749446118,0.8202667148560159,2.383943429970576,0.0,,tiny_cheap,64,897,897,
0.6198414029303374,0.056247568898381076,0.7389456737636707,0.27572347809647274,direct_retraining_budgeted_knn,,0.6037093424641193,0.6358603001736961,0.8836343407142435,0.8367805236176884,2.4120987324726832,0.0,,tiny_cheap,64,897,897,
0.5983634010643527,0.07772557076436591,0.7166946823143526,0.27393402608977474,direct_retraining_budgeted_mlp,,0.5789167893072962,0.6165977810730507,0.8178196079888956,0.7744555505217361,2.3907961014833026,0.0,,tiny_cheap,64,897,897,
0.6232494746318303,0.052839497196888144,0.7417604225484971,0.2743499500351105,direct_retraining_budgeted_gradient_boosting,,0.6042271348640911,0.6409123776376708,0.8940776458942198,0.8466700831041796,2.4189900972868403,0.0,,tiny_cheap,64,897,897,
0.6530379735105439,0.02305099831817458,0.7668551662188773,0.2634840213633663,routecode_no_new_model,16,0.6361684178640197,0.6679921046183525,0.9853581152891309,0.9331104979420667,2.145922025461413,4.0,3.7868578835485254,general_8b,0,0,0,
0.6760889718287186,0.0,0.7891331384953851,0.26169448495651704,query_oracle_with_new_model,,0.6584828148841174,0.6904021508086353,1.0559929584570038,1.0,2.3292543265432086,0.0,,general_8b,full,1440,1440,
0.19786957979590594,0.4782193920328126,0.251709423545906,0.12463792335115867,new_model_always,,0.18142632197447442,0.21495968841270413,-0.40940785802043395,-0.3876994204759212,0.0,0.0,,general_8b,always,0,0,
0.6659623358822467,0.010126635946471889,0.77854074734058,0.26061627302436124,routecode_label_calibration,16,0.650851916805069,0.6812647429949216,1.0249620533298618,0.9706144772286326,2.3157717134481937,4.0,3.7868578835485254,general_8b,1,16,16,2
0.6496449570978701,0.02644401473084841,0.7628508164728701,0.26206879962728896,direct_retraining_budgeted_logistic,,0.6322809914262495,0.6669659499875212,0.974960943814511,0.9232646259678708,2.161906753780187,0.0,,general_8b,1,16,16,
0.6491741585369953,0.026914813291723138,0.7624541012453288,0.26224030073461896,direct_retraining_budgeted_svm,,0.6304452377580557,0.6695828394575207,0.973518282544399,0.921898460352316,2.160619268561272,0.0,,general_8b,1,16,16,
0.6564317308100315,0.019657241018687044,0.7721940485183649,0.26798693823259334,direct_retraining_budgeted_knn,,0.6392837398229132,0.6736412586682079,0.995757557052576,0.942958519825319,2.1650800631860485,0.0,,general_8b,1,16,16,
0.6280723883439596,0.04801658348475895,0.7463879195939597,0.2738975652244369,direct_retraining_budgeted_mlp,,0.6085155410572086,0.6496556750968703,0.908856431132334,0.8606652382041801,2.159070203486644,0.0,,general_8b,1,16,16,
0.6487475388287083,0.027341433000010275,0.7650388304953749,0.26921150002700805,direct_retraining_budgeted_gradient_boosting,,0.6302589316504167,0.6686398998094419,0.972210997897928,0.9206604931518707,2.1778655919999297,0.0,,general_8b,1,16,16,
0.6659623358822467,0.010126635946471889,0.77854074734058,0.26061627302436124,routecode_label_calibration,16,0.6495405007014596,0.6796569063491208,1.0249620533298618,0.9706144772286326,2.3157717134481937,4.0,3.7868578835485254,general_8b,2,32,32,2
0.6490444820424812,0.027044489786237327,0.7623306591258145,0.26225473316048187,direct_retraining_budgeted_logistic,,0.6333910035154735,0.6668089275882443,0.9731209167242236,0.9215221644528092,2.159783755714232,0.0,,general_8b,2,32,32,
0.649778537692409,0.026310434136309443,0.7629405741507426,0.26196735064549237,direct_retraining_budgeted_svm,,0.6317368051131831,0.6664448114641964,0.9753702729123354,0.9236522508043304,2.1614271280902577,0.0,,general_8b,2,32,32,
0.6554380903383681,0.0206508814903504,0.7701257622133681,0.2654991593744936,direct_retraining_budgeted_knn,,0.6392698296179148,0.6703650171142165,0.9927127588224768,0.9400751689414759,2.1593328634707105,0.0,,general_8b,2,32,32,
0.6225259171352538,0.053563054693464764,0.7411598025519204,0.27463454734510884,direct_retraining_budgeted_mlp,,0.6031392459289573,0.6414948385203858,0.8918604590466843,0.8445704603464907,2.181990790439715,0.0,,general_8b,2,32,32,
0.646913911589596,0.02917506023912268,0.761026052214596,0.2641668185869389,direct_retraining_budgeted_gradient_boosting,,0.6305725687934103,0.6645347957284715,0.9665922402773126,0.9153396644705645,2.2026756489390094,0.0,,general_8b,2,32,32,
0.6659623358822467,0.010126635946471889,0.77854074734058,0.26061627302436124,routecode_label_calibration,16,0.6510966220189438,0.6821633874770408,1.0249620533298618,0.9706144772286326,2.3157717134481937,4.0,3.7868578835485254,general_8b,4,64,64,2
0.6496135655501233,0.02647540627859525,0.7631300499251235,0.262787888915897,direct_retraining_budgeted_logistic,,0.6332367297662315,0.667958339903562,0.9748647511454871,0.9231735338178205,2.181586584668225,0.0,,general_8b,4,64,64,
0.6491738498240529,0.02691512200466563,0.7614249748240529,0.2598586128666343,direct_retraining_budgeted_svm,,0.6309492937168643,0.6676795482487912,0.9735173365597622,0.9218975645275577,2.1586956924245335,0.0,,general_8b,4,64,64,
0.6552053631317857,0.020883608696932916,0.7706991287567857,0.26736524671852213,direct_retraining_budgeted_knn,,0.6397625144429461,0.6711402403357519,0.9919996161849676,0.9393998399709577,2.1669117399369884,0.0,,general_8b,4,64,64,
0.6264426823543104,0.049646289474408065,0.7413234740209771,0.26594622697563874,direct_retraining_budgeted_mlp,,0.607890361074358,0.6492689686550845,0.9038625464684386,0.8559361492231395,2.2139329045512155,0.0,,general_8b,4,64,64,
0.6479328182569709,0.02815615357174752,0.7601057765903043,0.25967765894236483,direct_retraining_budgeted_gradient_boosting,,0.6293199384245783,0.6657810114181975,0.969714461348145,0.9182963329273263,2.193031287914581,0.0,,general_8b,4,64,64,
0.6659623358822467,0.010126635946471889,0.77854074734058,0.26061627302436124,routecode_label_calibration,16,0.6515515167998712,0.6820885863268733,1.0249620533298618,0.9706144772286326,2.3157717134481937,4.0,3.7868578835485254,general_8b,8,128,128,2
0.6526909519575058,0.02339801987121282,0.7657672019575057,0.2617687570896127,direct_retraining_budgeted_logistic,,0.635560970507422,0.6689303493442126,0.9842947421268765,0.9321035090661103,2.223650956597136,0.0,,general_8b,8,128,128,
0.6520721289461494,0.024016842882569098,0.7649346966544829,0.26127408780316536,direct_retraining_budgeted_svm,,0.6346637692077254,0.6706162346602627,0.9823984916585674,0.9303078053607752,2.191487868296724,0.0,,general_8b,8,128,128,
0.660227988610248,0.015860983218470615,0.7759703271519146,0.267940686949711,direct_retraining_budgeted_knn,,0.6452711774981612,0.6758971207007087,1.0073903753210882,0.9539745196720509,2.2501507943169123,0.0,,general_8b,8,128,128,
0.6311390908640581,0.04494988096466056,0.749418309614058,0.2738135026737968,direct_retraining_budgeted_mlp,,0.6137868407425838,0.6509620575175649,0.9182536836313236,0.8695642108949836,2.234153305639501,0.0,,general_8b,8,128,128,
0.649096929507767,0.02699204232095153,0.7615164555494336,0.26024845716523526,direct_retraining_budgeted_gradient_boosting,,0.6312283880875601,0.6655319711111782,0.9732816307390301,0.9216743567695471,2.211205187810128,0.0,,general_8b,8,128,128,
0.6659623358822467,0.010126635946471889,0.77854074734058,0.26061627302436124,routecode_label_calibration,16,0.6503170084884448,0.6797471415892733,1.0249620533298618,0.9706144772286326,2.3157717134481937,4.0,3.7868578835485254,general_8b,16,256,256,2
0.6552549325525341,0.02083403927618444,0.7668800315108674,0.25840937786960516,direct_retraining_budgeted_logistic,,0.6411419050738552,0.6724687730166691,0.9921515110492227,0.9395436807636814,2.2581446051043415,0.0,,general_8b,16,256,256,
0.6583372616343272,0.017751710194391354,0.7688714178843272,0.2558838721438989,direct_retraining_budgeted_svm,,0.6414975863254584,0.6757692960502727,1.0015966477968388,0.9484879986892641,2.2614637431164315,0.0,,general_8b,16,256,256,
0.6652411974816681,0.010847774347050483,0.7775034422733348,0.259884354912764,direct_retraining_budgeted_knn,,0.6493891804258176,0.6829823793650973,1.022752279283458,0.9685218742157936,2.308493651677036,0.0,,general_8b,16,256,256,
0.6333311554960549,0.042757816332663616,0.7457580096627215,0.26026542159563554,direct_retraining_budgeted_mlp,,0.6119537236830066,0.6506009578919251,0.9249707958083202,0.8759251549933339,2.267091048955591,0.0,,general_8b,16,256,256,
0.6585324469945563,0.017556524834162243,0.7698578949112229,0.2577156930265219,direct_retraining_budgeted_gradient_boosting,,0.6420227188617827,0.6733662346715271,1.0021947514936134,0.9490543885425153,2.271356140931465,0.0,,general_8b,16,256,256,
0.6659623358822467,0.010126635946471889,0.77854074734058,0.26061627302436124,routecode_label_calibration,16,0.6510266268427182,0.6837278714503042,1.0249620533298618,0.9706144772286326,2.3157717134481937,4.0,3.7868578835485254,general_8b,32,501,501,2
0.6604052579900775,0.015683713838641068,0.7710387631984108,0.25611386255604174,direct_retraining_budgeted_logistic,,0.6426495216866742,0.6795079072711745,1.0079335793363717,0.9544889208438894,2.293231104192439,0.0,,general_8b,32,501,501,
0.6634444126438874,0.012644559184831036,0.7731935480605543,0.25406656808729006,direct_retraining_budgeted_svm,,0.6485695105167374,0.6790927233717955,1.0172464173042404,0.9633079549986969,2.2884291369328973,0.0,,general_8b,32,501,501,
0.6652411974816681,0.010847774347050483,0.7775034422733348,0.259884354912764,direct_retraining_budgeted_knn,,0.6494320294092932,0.6805756902884611,1.022752279283458,0.9685218742157936,2.308493651677036,0.0,,general_8b,32,501,501,
0.6398744807338393,0.03621449109487925,0.7534350432338393,0.2628899286987522,direct_retraining_budgeted_mlp,,0.6210543945394599,0.6587878843706344,0.9450214133819146,0.8949126088518254,2.2889229160132847,0.0,,general_8b,32,501,501,
0.6627794125253798,0.01330955930333878,0.7726894021087131,0.2544389415545833,direct_retraining_budgeted_gradient_boosting,,0.6473805886484307,0.678086972318396,1.015208666989523,0.9613782543331786,2.307393617188657,0.0,,general_8b,32,501,501,
0.6659623358822467,0.010126635946471889,0.77854074734058,0.26061627302436124,routecode_label_calibration,16,0.6474224320966356,0.6840036735057538,1.0249620533298618,0.9706144772286326,2.3157717134481937,4.0,3.7868578835485254,general_8b,64,924,924,2
0.657276756949692,0.018812214879026463,0.7670882725746921,0.25421097674607035,direct_retraining_budgeted_logistic,,0.6425437251595963,0.6752526201253993,0.9983469585190023,0.9454106208982371,2.295385203521893,0.0,,general_8b,64,924,924,
0.6628591042087071,0.013229867620011533,0.7719961771253737,0.25264965834818776,direct_retraining_budgeted_svm,,0.6486786717685161,0.6798029401989206,1.0154528650704873,0.9616095040579127,2.2901758050751897,0.0,,general_8b,64,924,924,
0.6652411974816681,0.010847774347050483,0.7775034422733348,0.259884354912764,direct_retraining_budgeted_knn,,0.649200660600229,0.6811303645542626,1.022752279283458,0.9685218742157936,2.308493651677036,0.0,,general_8b,64,924,924,
0.638469289084208,0.0376196827445106,0.7498449401258747,0.2578319120347864,direct_retraining_budgeted_mlp,,0.6191223781478433,0.658905646845144,0.9407155047864393,0.8908350167040833,2.315305991670954,0.0,,general_8b,64,924,924,
0.6621010134348828,0.013987958393835783,0.770935518643216,0.2519492214930049,direct_retraining_budgeted_gradient_boosting,,0.6452933540380686,0.678802789992217,1.0131298583973287,0.9594096724638147,2.2989685184287922,0.0,,general_8b,64,924,924,
0.5278574098773432,0.14823156195137532,0.6360498838356765,0.2504629348295792,routecode_no_new_model,16,0.5056326212202241,0.5517730365013153,0.6017691115571124,0.5698609131223807,2.2192569230060584,4.0,3.6862174534335845,code_7b,0,0,0,
0.6760889718287186,0.0,0.7891331384953851,0.26169448495651704,query_oracle_with_new_model,,0.6609154344779156,0.6883778138544091,1.0559929584570038,1.0,2.3292543265432086,0.0,,code_7b,full,1440,1440,
0.2857297855170265,0.3903591863116921,0.3738313480170265,0.20395296548371414,new_model_always,,0.2577877849567568,0.3116527834307921,-0.1401790911728286,-0.132746236658297,0.0,0.0,,code_7b,always,0,0,
0.6659623358822467,0.010126635946471889,0.77854074734058,0.26061627302436124,routecode_label_calibration,16,0.6503155671281277,0.6813222868570556,1.0249620533298618,0.9706144772286326,2.3157717134481937,4.0,3.6862174534335845,code_7b,1,16,16,2
0.5319901373861725,0.14409883444254612,0.6627958561361725,0.3028120442391833,direct_retraining_budgeted_logistic,,0.5147181456054517,0.5526951111604974,0.6144329691225155,0.5818532824502097,2.2109114704303114,0.0,,code_7b,1,16,16,
0.5318107481802788,0.14427822364843976,0.6616056231802787,0.3004719656457624,direct_retraining_budgeted_svm,,0.5080514476286991,0.5537142869670895,0.6138832693546614,0.5813327299565099,2.1950985324166816,0.0,,code_7b,1,16,16,
0.5333070800239865,0.14278189180473203,0.6596831841906533,0.29255759466320963,direct_retraining_budgeted_knn,,0.5091980633175825,0.5532785478871471,0.6184684575382053,0.5856747931746622,2.2321166360789193,0.0,,code_7b,1,16,16,
0.5131631820898003,0.16292578973891825,0.6477289581314669,0.3115164850375412,direct_retraining_budgeted_mlp,,0.4919897284210297,0.5354900301503069,0.5567418003352927,0.5272211295317659,2.245134425435018,0.0,,code_7b,1,16,16,
0.5253915790169611,0.15069739281175737,0.6495616623502944,0.28745071031167296,direct_retraining_budgeted_gradient_boosting,,0.5004161653967649,0.546437357602915,0.5942131014573562,0.5627055528150574,2.2399488262577085,0.0,,code_7b,1,16,16,
0.6659623358822467,0.010126635946471889,0.77854074734058,0.26061627302436124,routecode_label_calibration,16,0.6488326330038315,0.6821741296310143,1.0249620533298618,0.9706144772286326,2.3157717134481937,4.0,3.6862174534335845,code_7b,2,32,32,2
0.5316753772258497,0.14441359460286893,0.6615235907675162,0.30059544306703395,direct_retraining_budgeted_logistic,,0.5091901150442997,0.5538850562839583,0.6134684540827323,0.5809399098447782,2.2052023906908786,0.0,,code_7b,2,32,32,
0.5313721956402889,0.14471677618842962,0.6620229300152889,0.3024532591962405,direct_retraining_budgeted_svm,,0.5080096197202009,0.5526207179343721,0.6125394191033412,0.5800601360054254,2.198774388813316,0.0,,code_7b,2,32,32,
0.53286267367342,0.14322629815529855,0.6608880070067534,0.2963755199049317,direct_retraining_budgeted_knn,,0.510998063269774,0.5563345140489543,0.6171066695391874,0.5843852126068071,2.2352130474593706,0.0,,code_7b,2,32,32,
0.5145151728960634,0.16157379893265505,0.64966654268773,0.3128721202668396,direct_retraining_budgeted_mlp,,0.4914167085328349,0.5401631275345915,0.5608846863503208,0.5311443432064874,2.2463741181471817,0.0,,code_7b,2,32,32,
0.5253888397957714,0.15070013203294705,0.6486578918791049,0.2853648449738022,direct_retraining_budgeted_gradient_boosting,,0.5019442970938529,0.5476927236262297,0.5942047077011959,0.562697604129327,2.270942951345368,0.0,,code_7b,2,32,32,
0.6659623358822467,0.010126635946471889,0.77854074734058,0.26061627302436124,routecode_label_calibration,16,0.6513657542076423,0.6814286417178675,1.0249620533298618,0.9706144772286326,2.3157717134481937,4.0,3.6862174534335845,code_7b,4,64,64,2
0.5315266694128793,0.1445623024158393,0.6623985964962126,0.3029653149138444,direct_retraining_budgeted_logistic,,0.5105449548396249,0.5522276240972604,0.6130127708666732,0.5805083887703147,2.216415094241672,0.0,,code_7b,4,64,64,
0.531628883369761,0.14446008845895755,0.6621727948280944,0.3022059667530924,direct_retraining_budgeted_svm,,0.5096877217176253,0.5528597662596654,0.6133259836271033,0.5808049937409462,2.1986182168831427,0.0,,code_7b,4,64,64,
0.5329186315081939,0.14317034032052472,0.6619836835915272,0.29878244341813864,direct_retraining_budgeted_knn,,0.5109866929217383,0.5555967983295982,0.6172781403288125,0.5845475913312597,2.2388805300799666,0.0,,code_7b,4,64,64,
0.511868446279901,0.16422052554881758,0.6434571441965676,0.3046246218873224,direct_retraining_budgeted_mlp,,0.48788826707276567,0.5373606860430304,0.5527743599835248,0.5234640586914782,2.260259120937569,0.0,,code_7b,4,64,64,
0.525903760951064,0.15018521087765457,0.648459323451064,0.28371313401393616,direct_retraining_budgeted_gradient_boosting,,0.5047599256093243,0.550173216082119,0.5957825732038466,0.5641918049097528,2.2272893784256764,0.0,,code_7b,4,64,64,
0.6659623358822467,0.010126635946471889,0.77854074734058,0.26061627302436124,routecode_label_calibration,16,0.6520353854212427,0.6815107147033035,1.0249620533298618,0.9706144772286326,2.3157717134481937,4.0,3.6862174534335845,code_7b,8,128,128,2
0.5327653325548017,0.14332363927391686,0.664634103388135,0.3052729838491871,direct_retraining_budgeted_logistic,,0.5109445239025484,0.5536692594075912,0.6168083885470811,0.584102747662588,2.2284334013933407,0.0,,code_7b,8,128,128,
0.5320691101715519,0.1440198616571666,0.664645500796552,0.30691110638470265,direct_retraining_budgeted_svm,,0.507486204868048,0.5512658395867772,0.6146749642948203,0.5820824460732876,2.2006772864615596,0.0,,code_7b,8,128,128,
0.534335755091137,0.14175321673758157,0.663951583216137,0.3000574765029979,direct_retraining_budgeted_knn,,0.5116746530078321,0.5547835853299888,0.62162061177621,0.5886598076226851,2.2428216756192683,0.0,,code_7b,8,128,128,
0.5103369990587848,0.16575197276993373,0.6378208896837847,0.29512209325879113,direct_retraining_budgeted_mlp,,0.4853356367173963,0.5354141641877691,0.5480815682531931,0.5190200974957628,2.2070799928141946,0.0,,code_7b,8,128,128,
0.5319072856256469,0.14418168620307156,0.6543045460423137,0.28334666855723006,direct_retraining_budgeted_gradient_boosting,,0.5097682054263261,0.552693183647137,0.6141790876623667,0.5816128627976773,2.330584477351472,0.0,,code_7b,8,128,128,
0.6659623358822467,0.010126635946471889,0.77854074734058,0.26061627302436124,routecode_label_calibration,16,0.6502835889831976,0.68019638502139,1.0249620533298618,0.9706144772286326,2.3157717134481937,4.0,3.6862174534335845,code_7b,16,256,256,2
0.5317107208046726,0.14437825102404592,0.6602380124713393,0.2975375411872739,direct_retraining_budgeted_logistic,,0.5094833264862153,0.5552762119915675,0.6135767569038376,0.5810424700183455,2.2229021725562284,0.0,,code_7b,16,256,256,
0.5305489654651346,0.14554000636358388,0.6591441790068013,0.2976947786690434,direct_retraining_budgeted_svm,,0.5085569777877026,0.5539610894430346,0.6100168066979932,0.5776712825711809,2.194974027329847,0.0,,code_7b,16,256,256,
0.5343638488774699,0.1417251229512487,0.6642256613774699,0.3006269243234484,direct_retraining_budgeted_knn,,0.5140052465974926,0.5523755023770793,0.6217066991622845,0.5887413303121927,2.265633621658151,0.0,,code_7b,16,256,256,
0.5284466303465291,0.14764234148218944,0.6604137657631958,0.30550069545724623,direct_retraining_budgeted_mlp,,0.5002306184470443,0.5527104349200515,0.6035746513804974,0.5715707160229826,2.2969757225746967,0.0,,code_7b,16,256,256,
0.5296714538810731,0.1464175179476455,0.6514461153394063,0.281905367174418,direct_retraining_budgeted_gradient_boosting,,0.504953555246502,0.5501594710149422,0.607327860550732,0.5751249150734371,2.2753541690974046,0.0,,code_7b,16,256,256,
0.6659623358822467,0.010126635946471889,0.77854074734058,0.26061627302436124,routecode_label_calibration,16,0.6513920749578697,0.6804694972004103,1.0249620533298618,0.9706144772286326,2.3157717134481937,4.0,3.6862174534335845,code_7b,32,497,497,2
0.5525447035654296,0.12354426826328894,0.6804488493987629,0.2960949738021931,direct_retraining_budgeted_logistic,,0.5295407577359132,0.5758506226448216,0.6774180311322054,0.641498625257914,2.3400320237042185,0.0,,code_7b,32,497,497,
0.5329440438284939,0.14314492800022463,0.6623681740368271,0.2996137005077513,direct_retraining_budgeted_svm,,0.5107614146502104,0.5575756544813772,0.6173560109370244,0.5846213329292392,2.220890415019118,0.0,,code_7b,32,497,497,
0.5535767664591412,0.12251220536957733,0.6775770997924745,0.28705774320747585,direct_retraining_budgeted_knn,,0.5317818174104493,0.5755198397320564,0.6805805666384972,0.6444934705179741,2.3552842459810246,0.0,,code_7b,32,497,497,
0.5287655904933956,0.14732338133532305,0.6620993300767288,0.30866435072651655,direct_retraining_budgeted_mlp,,0.5038558631814558,0.5502041493223834,0.6045520363787407,0.5724962761703452,2.350741394884565,0.0,,code_7b,32,497,497,
0.5467806338765634,0.1293083379521553,0.66964831616823,0.28443568370874517,direct_retraining_budgeted_gradient_boosting,,0.5231307715856486,0.5693909619903077,0.659755275148195,0.6247724190436046,2.3631054209528566,0.0,,code_7b,32,497,497,
0.6659623358822467,0.010126635946471889,0.77854074734058,0.26061627302436124,routecode_label_calibration,16,0.6513969278744138,0.6811293356322131,1.0249620533298618,0.9706144772286326,2.3157717134481937,4.0,3.6862174534335845,code_7b,64,908,908,2
0.6053894021092112,0.07069956971950724,0.7280623604425447,0.2839849025009453,direct_retraining_budgeted_logistic,,0.5830177096988758,0.6250215456860625,0.8393492821075909,0.7948436354481299,2.4170777343829277,0.0,,code_7b,64,908,908,
0.6011293947408031,0.07495957708791562,0.7222280457824696,0.2803404195700319,direct_retraining_budgeted_svm,,0.5814472330895838,0.623847671980239,0.8262954026960323,0.7824819247880203,2.4012285423781434,0.0,,code_7b,64,908,908,
0.6356295618486842,0.040459409980034465,0.7535972076820175,0.27309221898125646,direct_retraining_budgeted_knn,,0.619154941317475,0.6539234589875655,0.9320137693929399,0.8825946820277856,2.3956274162790865,0.0,,code_7b,64,908,908,
0.5720443893585849,0.10404458247013358,0.696752014358585,0.28869510614163024,direct_retraining_budgeted_mlp,,0.5488035342605587,0.5956034738802236,0.7371706383212979,0.6980829108921685,2.4525052538564323,0.0,,code_7b,64,908,908,
0.6050986371205049,0.07099033470821357,0.7209131267038382,0.268107714849025,direct_retraining_budgeted_gradient_boosting,,0.5865241209276083,0.622697738338238,0.8384582951276568,0.7939998921515495,2.4274311097402688,0.0,,code_7b,64,908,908,
0.6232087238980719,0.052880247930646614,0.7434354009814054,0.2783218211527035,routecode_no_new_model,16,0.6039147348319298,0.6400632683202944,0.8939527740058846,0.8465518324214121,1.9861020406603558,4.0,3.82315269271282,math_7b,0,0,0,
0.6760889718287186,0.0,0.7891331384953851,0.26169448495651704,query_oracle_with_new_model,,0.6616303048484015,0.6898057251638207,1.0559929584570038,1.0,2.3292543265432086,0.0,,math_7b,full,1440,1440,
0.2150760231745517,0.4610129486541669,0.30807211692455166,0.21528368578836493,new_model_always,,0.19211289443146384,0.23968334280500034,-0.35668240063452716,-0.3377696771346889,0.0,0.0,,math_7b,always,0,0,
0.6659623358822467,0.010126635946471889,0.77854074734058,0.26061627302436124,routecode_label_calibration,16,0.6508578244773678,0.6805258563322277,1.0249620533298618,0.9706144772286326,2.3157717134481937,4.0,3.82315269271282,math_7b,1,16,16,2
0.6188181203752107,0.0572708514535079,0.7397893860002107,0.28004552544158157,direct_retraining_budgeted_logistic,,0.5984891578666762,0.6395122505048402,0.8804987106734046,0.833811157187991,2.0493184697010203,0.0,,math_7b,1,16,16,
0.6207899002069458,0.055299071621772646,0.7388015147902792,0.273194005563658,direct_retraining_budgeted_svm,,0.6017794405246655,0.6399285561685596,0.8865408072999256,0.8395328777526335,2.020449913906643,0.0,,math_7b,1,16,16,
0.6248923447720983,0.05119662705662017,0.7489911156054316,0.2872856236158376,direct_retraining_budgeted_knn,,0.6080050811333196,0.6448535719795222,0.8991118692758386,0.8514373718832399,2.030442738941329,0.0,,math_7b,1,16,16,
0.6017461024022125,0.07434286942650609,0.7233845555272126,0.2815900482093664,direct_retraining_budgeted_mlp,,0.5786585188938733,0.6222608221072622,0.8281851711278722,0.7842714901603133,2.0507414660098098,0.0,,math_7b,1,16,16,
0.6199005182052955,0.056188453623423056,0.7422545390386287,0.28324656997785347,direct_retraining_budgeted_gradient_boosting,,0.5993873182266791,0.6386501124929272,0.8838154868024889,0.8369520646178387,2.0618988654400305,0.0,,math_7b,1,16,16,
0.6659623358822467,0.010126635946471889,0.77854074734058,0.26061627302436124,routecode_label_calibration,16,0.6524215472066243,0.6808761486497442,1.0249620533298618,0.9706144772286326,2.3157717134481937,4.0,3.82315269271282,math_7b,2,32,32,2
0.6188181203752107,0.0572708514535079,0.7397893860002107,0.28004552544158157,direct_retraining_budgeted_logistic,,0.5990136624551248,0.6336423664782017,0.8804987106734046,0.833811157187991,2.0493184697010203,0.0,,math_7b,2,32,32,
0.6213931752326085,0.05469579659611011,0.7404196439826085,0.2755433681737158,direct_retraining_budgeted_svm,,0.6018403167966845,0.6384568043511126,0.8883894142989197,0.8412834642354216,2.0281951800264615,0.0,,math_7b,2,32,32,
0.6249009085364544,0.05118806329226412,0.7494078668697878,0.2882305677091773,direct_retraining_budgeted_knn,,0.6089529402096032,0.6431997686260671,0.8991381110959918,0.8514622222574239,2.0343238214605845,0.0,,math_7b,2,32,32,
0.6081448930875711,0.06794407874114743,0.7309870545459044,0.28437660360287365,direct_retraining_budgeted_mlp,,0.5880182238753637,0.6314930324278409,0.8477928935477722,0.8028395329326349,2.0324142673725842,0.0,,math_7b,2,32,32,
0.6207674705280309,0.05532150130068773,0.7431166788613641,0.283235429157889,direct_retraining_budgeted_gradient_boosting,,0.602765417289198,0.6377356296231866,0.8864720763568841,0.8394677911983236,2.0538111150338647,0.0,,math_7b,2,32,32,
0.6659623358822467,0.010126635946471889,0.77854074734058,0.26061627302436124,routecode_label_calibration,16,0.6501484099791839,0.6828547502409785,1.0249620533298618,0.9706144772286326,2.3157717134481937,4.0,3.82315269271282,math_7b,4,64,64,2
0.6192769274401344,0.05681204438858418,0.7394659430651345,0.27823463579646734,direct_retraining_budgeted_logistic,,0.6012008413648808,0.6378248513699848,0.8819046265746542,0.8351425258206986,2.0411330123572133,0.0,,math_7b,4,64,64,
0.6213931752326085,0.05469579659611011,0.7404196439826085,0.2755433681737158,direct_retraining_budgeted_svm,,0.6019871169684008,0.6417557345340582,0.8883894142989197,0.8412834642354216,2.0281951800264615,0.0,,math_7b,4,64,64,
0.6248923447720983,0.05119662705662017,0.7489911156054316,0.2872856236158376,direct_retraining_budgeted_knn,,0.6080274734263861,0.6427332427984742,0.8991118692758386,0.8514373718832399,2.030442738941329,0.0,,math_7b,4,64,64,
0.6036540723217677,0.0724348995069508,0.7259442546134344,0.28309878531302335,direct_retraining_budgeted_mlp,,0.5850014287476193,0.6240224037666962,0.834031735956717,0.7898080468030656,2.100907838997079,0.0,,math_7b,4,64,64,
0.6178442971199775,0.05824467470874114,0.7401384898283108,0.28310806932966026,direct_retraining_budgeted_gradient_boosting,,0.599316737305637,0.6365942950617445,0.8775146380550664,0.8309853120017708,2.066026910761168,0.0,,math_7b,4,64,64,
0.6659623358822467,0.010126635946471889,0.77854074734058,0.26061627302436124,routecode_label_calibration,16,0.6496926076706556,0.6813250770686838,1.0249620533298618,0.9706144772286326,2.3157717134481937,4.0,3.82315269271282,math_7b,8,128,128,2
0.618449883406352,0.05763908842236667,0.7394277115313519,0.28006071746880573,direct_retraining_budgeted_logistic,,0.599620600808471,0.6388621395327737,0.8793703274170734,0.832742605312437,2.0493184697010203,0.0,,math_7b,8,128,128,
0.6201527503851705,0.05593622144354802,0.7388240420518372,0.2747211419002863,direct_retraining_budgeted_svm,,0.6041179008642609,0.6413687719826598,0.8845883982495959,0.8376839932172836,2.0294846453496507,0.0,,math_7b,8,128,128,
0.6248923447720983,0.05119662705662017,0.7489911156054316,0.2872856236158376,direct_retraining_budgeted_knn,,0.6071912362214622,0.6411141912094275,0.8991118692758386,0.8514373718832399,2.030442738941329,0.0,,math_7b,8,128,128,
0.6033763312325761,0.07271264059614252,0.726030549982576,0.28394152082320534,direct_retraining_budgeted_mlp,,0.5815841302459853,0.6229109631701814,0.8331806579250615,0.7890020963231504,2.0842759704939433,0.0,,math_7b,8,128,128,
0.621748517040799,0.05434045478791963,0.7436032045407989,0.2820906255064009,direct_retraining_budgeted_gradient_boosting,,0.599938822746908,0.6399798057877811,0.889478283099571,0.8423145968693383,2.03611311413513,0.0,,math_7b,8,128,128,
0.6659623358822467,0.010126635946471889,0.77854074734058,0.26061627302436124,routecode_label_calibration,16,0.6512336841119102,0.6815636704893735,1.0249620533298618,0.9706144772286326,2.3157717134481937,4.0,3.82315269271282,math_7b,16,256,256,2
0.6199941082317922,0.05609486359692634,0.7414533321901255,0.2811751370658457,direct_retraining_budgeted_logistic,,0.6020366501886756,0.63858883750784,0.8841022733768675,0.8372236446242032,2.042145718310298,0.0,,math_7b,16,256,256,
0.6207525475723173,0.05533642425640136,0.7398197038223172,0.2756375587425053,direct_retraining_budgeted_svm,,0.6021546224353573,0.6389876822706869,0.8864263481579626,0.8394244876908947,2.0281951800264615,0.0,,math_7b,16,256,256,
0.6238540627953486,0.0522349090333699,0.747893771128682,0.2871488953708205,direct_retraining_budgeted_knn,,0.6029693734436699,0.6431409208300761,0.89593027672269,0.8484244800569558,2.030442738941329,0.0,,math_7b,16,256,256,
0.6027988658390054,0.07329010598971321,0.7260862929223387,0.28540738265002974,direct_retraining_budgeted_mlp,,0.5851083320673433,0.6242500873357458,0.8314111390110986,0.7873264043596847,2.0692279470888004,0.0,,math_7b,16,256,256,
0.6237018365049544,0.05238713532376423,0.7447926490049543,0.2803222735375142,direct_retraining_budgeted_gradient_boosting,,0.6039381742695679,0.6404198083623329,0.8954638118867811,0.8479827490471293,2.0865624211738507,0.0,,math_7b,16,256,256,
0.6659623358822467,0.010126635946471889,0.77854074734058,0.26061627302436124,routecode_label_calibration,16,0.6515842354928457,0.6811550470813656,1.0249620533298618,0.9706144772286326,2.3157717134481937,4.0,3.82315269271282,math_7b,32,500,500,2
0.6265224468086344,0.049566525020084136,0.7429863322253011,0.26961105034300226,direct_retraining_budgeted_logistic,,0.6096260172903072,0.6465577950679616,0.9041069675405231,0.8561676101151152,2.1435567526858024,0.0,,math_7b,32,500,500,
0.626116065714249,0.04997290611446961,0.7425725136309157,0.26959383271214826,direct_retraining_budgeted_svm,,0.6071074898037772,0.6416656076920495,0.9028616997880341,0.8549883714255803,2.0825864569389316,0.0,,math_7b,32,500,500,
0.6422051583351248,0.03388381349359374,0.7609876479184582,0.2749785623615838,direct_retraining_budgeted_knn,,0.6254014697881686,0.6588575757112571,0.9521632752904234,0.9016757807568204,2.1806019091478,0.0,,math_7b,32,500,500,
0.614349377677861,0.06173959415085745,0.7337898308028611,0.2765017318911036,direct_retraining_budgeted_mlp,,0.5951008658531819,0.6338559719202502,0.8668052065905035,0.8208437373077395,2.1813666115952284,0.0,,math_7b,32,500,500,
0.6338501852250359,0.04223878660368272,0.7501628779333692,0.26926104291578895,direct_retraining_budgeted_gradient_boosting,,0.6171016252645768,0.6520268452312197,0.9265612511543314,0.877431278053411,2.159218952612683,0.0,,math_7b,32,500,500,
0.6659623358822467,0.010126635946471889,0.77854074734058,0.26061627302436124,routecode_label_calibration,16,0.6512331010681341,0.681344690467322,1.0249620533298618,0.9706144772286326,2.3157717134481937,4.0,3.82315269271282,math_7b,64,943,943,2
0.6508907503152415,0.025198221513477177,0.7651054117735747,0.2644041518122401,direct_retraining_budgeted_logistic,,0.6351188193584743,0.6705641427984692,0.9787784100827397,0.9268796749486962,2.259627638968251,0.0,,math_7b,64,943,943,
0.6571527274933971,0.01893624433532138,0.7694463629100639,0.25995702344298605,direct_retraining_budgeted_svm,,0.641530571526101,0.6745873657853267,0.9979668968369589,0.9450507116024416,2.2625262037657636,0.0,,math_7b,64,943,943,
0.6643144352334976,0.01177453659522105,0.7770971956501642,0.26108933587208993,direct_retraining_budgeted_knn,,0.6493057763480345,0.6794196490834723,1.0199124150333352,0.9658325908949348,2.3016451733575254,0.0,,math_7b,64,943,943,
0.6266459665953213,0.04944300523339713,0.7414985759703214,0.26588098565872625,direct_retraining_budgeted_mlp,,0.6085713302034257,0.6465688840558869,0.9044854674493049,0.8565260404490966,2.2201443828775833,0.0,,math_7b,64,943,943,
0.653659677095975,0.02242929473274365,0.765750458345975,0.25948742100145844,direct_retraining_budgeted_gradient_boosting,,0.6390675980195724,0.6706882223964453,0.987263192659216,0.9349145605116398,2.269429936526417,0.0,,math_7b,64,943,943,
0.5641320103347549,0.11195696149396354,0.7256010467930883,0.3737968758440015,routecode_no_new_model,16,0.5411967919491124,0.5865716153923403,0.7129248488887274,0.6751227299189941,2.0653954701143613,4.0,3.6520610117519876,reasoner_13b,0,0,0,
0.6760889718287186,0.0,0.7891331384953851,0.26169448495651704,query_oracle_with_new_model,,0.6603684197372738,0.6914151036699214,1.0559929584570038,1.0,2.3292543265432086,0.0,,reasoner_13b,full,1440,1440,
0.33147587696354675,0.3446130948651717,0.4881008769635468,0.3625830497488252,new_model_always,,0.3113760225136868,0.3530165006168971,0.0,0.0,0.0,0.0,,reasoner_13b,always,0,0,
0.6668704127778415,0.00921855905087706,0.7800711315278416,0.2620568992059634,routecode_label_calibration,16,0.6487782247519275,0.6842958383873521,1.0277446603223814,0.9732495393000553,2.305550414750262,4.0,3.6520610117519876,reasoner_13b,1,16,16,4
0.553251078436773,0.12283789339194558,0.7016162971867729,0.34346185788364936,direct_retraining_budgeted_logistic,,0.5280347574035359,0.5766759571030043,0.6795825655079564,0.6435483873878753,2.1066848528654383,0.0,,reasoner_13b,1,16,16,
0.555662083851479,0.1204268879772395,0.7085604223931458,0.3539559194890078,direct_retraining_budgeted_svm,,0.5333827451287545,0.5784036175489276,0.6869705747817402,0.6505446549430861,2.0661047803789807,0.0,,reasoner_13b,1,16,16,
0.5627331843686517,0.1133557874600668,0.7236013510353184,0.37240587695133154,direct_retraining_budgeted_knn,,0.5395440465255013,0.5854735761372368,0.7086384465658856,0.6710636097435102,2.0685113452020807,0.0,,reasoner_13b,1,16,16,
0.5376411035417671,0.13844786828695152,0.6851902025001003,0.3415725604980285,direct_retraining_budgeted_mlp,,0.514700930702367,0.5645943187545215,0.6317491435735225,0.5982512842667265,2.1796835823994543,0.0,,reasoner_13b,1,16,16,
0.5577262133868853,0.11836275844183322,0.7141419790118853,0.3620986772808298,direct_retraining_budgeted_gradient_boosting,,0.5323445835070654,0.5793059487036787,0.6932956572792147,0.6565343563391225,2.0897315524233586,0.0,,reasoner_13b,1,16,16,
0.6659623358822467,0.010126635946471889,0.77854074734058,0.26061627302436124,routecode_label_calibration,16,0.6502421118523657,0.6811781388589309,1.0249620533298618,0.9706144772286326,2.3157717134481937,4.0,3.6520610117519876,reasoner_13b,2,32,32,3
0.5539091618091784,0.1221798100195401,0.7043268388925118,0.34821324879814186,direct_retraining_budgeted_logistic,,0.5304460298247867,0.5760511558533497,0.6815991209369067,0.6454580170050054,2.100360561717872,0.0,,reasoner_13b,2,32,32,
0.5554829058646749,0.12060606596404376,0.7077562756563415,0.35250913209636475,direct_retraining_budgeted_svm,,0.5318584075840004,0.581240415800939,0.6864215222495093,0.6500247153659954,2.0725852843131243,0.0,,reasoner_13b,2,32,32,
0.5627331843686517,0.1133557874600668,0.7236013510353184,0.37240587695133154,direct_retraining_budgeted_knn,,0.5403557592341405,0.5852317418434289,0.7086384465658856,0.6710636097435102,2.0685113452020807,0.0,,reasoner_13b,2,32,32,
0.5383401270581085,0.13774884477060997,0.6879513093497753,0.34634623305244966,direct_retraining_budgeted_mlp,,0.5138362318415753,0.5637908287458847,0.6338911512976957,0.6002797141980236,2.152687242933329,0.0,,reasoner_13b,2,32,32,
0.5585579357603376,0.11753103606838096,0.7135096805520043,0.3587095048074327,direct_retraining_budgeted_gradient_boosting,,0.5369780735951303,0.581232106994918,0.6958442922058719,0.6589478524768061,2.1194658295089663,0.0,,reasoner_13b,2,32,32,
0.6659623358822467,0.010126635946471889,0.77854074734058,0.26061627302436124,routecode_label_calibration,16,0.6517318873918119,0.68024333680388,1.0249620533298618,0.9706144772286326,2.3157717134481937,4.0,3.6520610117519876,reasoner_13b,4,64,64,3
0.553251078436773,0.12283789339194558,0.7016162971867729,0.34346185788364936,direct_retraining_budgeted_logistic,,0.5301275827263652,0.5781631303670484,0.6795825655079564,0.6435483873878753,2.1066848528654383,0.0,,reasoner_13b,4,64,64,
0.5536965688395912,0.12239240298912728,0.7045148500895912,0.3491406376600227,direct_retraining_budgeted_svm,,0.5284109841402006,0.5762232366547068,0.6809476753527236,0.644841113663969,2.076468765295089,0.0,,reasoner_13b,4,64,64,
0.5627331843686517,0.1133557874600668,0.7236013510353184,0.37240587695133154,direct_retraining_budgeted_knn,,0.5394355403608515,0.585409488917019,0.7086384465658856,0.6710636097435102,2.0685113452020807,0.0,,reasoner_13b,4,64,64,
0.5373788556202794,0.13871011620843915,0.690255866036946,0.3539065454005294,direct_retraining_budgeted_mlp,,0.5140702965259744,0.564622160771998,0.6309455410332032,0.5974902919382421,2.1385875907457814,0.0,,reasoner_13b,4,64,64,
0.5589402187251624,0.11714875310355619,0.7112965676834957,0.3527012268405985,direct_retraining_budgeted_gradient_boosting,,0.5337698465449333,0.5807538360039921,0.697015716405962,0.6600571630936135,2.1178618700104637,0.0,,reasoner_13b,4,64,64,
0.6659623358822467,0.010126635946471889,0.77854074734058,0.26061627302436124,routecode_label_calibration,16,0.6482328145324284,0.6812874573670089,1.0249620533298618,0.9706144772286326,2.3157717134481937,4.0,3.6520610117519876,reasoner_13b,8,128,128,3
0.5530232568596045,0.12306571496911409,0.7020036006096044,0.34488585723545623,direct_retraining_budgeted_logistic,,0.5292762689804612,0.574670286164185,0.6788844551202226,0.6428872935972937,2.101244123093554,0.0,,reasoner_13b,8,128,128,
0.5539712857933935,0.1221176860353251,0.7040655410017268,0.34746453505644687,direct_retraining_budgeted_svm,,0.5264503407439698,0.5761222785338169,0.6817894865697278,0.6456382886927061,2.0674609402603856,0.0,,reasoner_13b,8,128,128,
0.5627331843686517,0.1133557874600668,0.7236013510353184,0.37240587695133154,direct_retraining_budgeted_knn,,0.5408820225146379,0.5840180121469795,0.7086384465658856,0.6710636097435102,2.0685113452020807,0.0,,reasoner_13b,8,128,128,
0.5336969470353626,0.14239202479335594,0.6783995251603626,0.3349829342894183,direct_retraining_budgeted_mlp,,0.505177468170175,0.560633869266201,0.619663121423247,0.586806111215634,2.2114601256972994,0.0,,reasoner_13b,8,128,128,
0.5598806106143814,0.11620836121433707,0.7151997824893814,0.35956008953168045,direct_retraining_budgeted_gradient_boosting,,0.5374303394833126,0.5814090944263293,0.6998973457694483,0.6627859969749463,2.1217928185668233,0.0,,reasoner_13b,8,128,128,
0.6659623358822467,0.010126635946471889,0.77854074734058,0.26061627302436124,routecode_label_calibration,16,0.6499648712073846,0.6790986952323773,1.0249620533298618,0.9706144772286326,2.3157717134481937,4.0,3.6520610117519876,reasoner_13b,16,256,256,3
0.5532107594037273,0.12287821242499124,0.7018025302370606,0.3439863204234862,direct_retraining_budgeted_logistic,,0.5297779576116439,0.5780612039928389,0.6794590164739167,0.6434313894163923,2.1138426771123364,0.0,,reasoner_13b,16,256,256,
0.5536320068071234,0.1224569650215952,0.7026718505571233,0.3450235982822881,direct_retraining_budgeted_svm,,0.5294945415481643,0.5773508124361201,0.6807498388436488,0.6446537672356709,2.094544177118082,0.0,,reasoner_13b,16,256,256,
0.56453824661253,0.1115507252161885,0.7231524861958633,0.36718809080105874,direct_retraining_budgeted_knn,,0.5378451875149315,0.5870081259379822,0.7141696728817569,0.6763015483789662,2.108112161886238,0.0,,reasoner_13b,16,256,256,
0.5484609425708683,0.1276280292578502,0.6943716404875351,0.3377797021012262,direct_retraining_budgeted_mlp,,0.5267400681393658,0.5744576947774425,0.6649042209533864,0.6296483472057725,2.2311887985119854,0.0,,reasoner_13b,16,256,256,
0.5645509795763618,0.11153799225235682,0.7173879952013617,0.35381395843461355,direct_retraining_budgeted_gradient_boosting,,0.5401909118143423,0.587117380583882,0.7142086903199999,0.6763384969570135,2.1791631340961395,0.0,,reasoner_13b,16,256,256,
0.6659623358822467,0.010126635946471889,0.77854074734058,0.26061627302436124,routecode_label_calibration,16,0.6523612659970162,0.6802871463648067,1.0249620533298618,0.9706144772286326,2.3157717134481937,4.0,3.6520610117519876,reasoner_13b,32,494,494,3
0.5625182461549021,0.11357072567381646,0.705539511779902,0.3310907369146006,direct_retraining_budgeted_logistic,,0.5402046028387244,0.586133850161388,0.70797981448369,0.670439900961249,2.235860553994158,0.0,,reasoner_13b,32,494,494,
0.5648895599742553,0.11119941185446329,0.7072409037242553,0.32953988413547236,direct_retraining_budgeted_svm,,0.5392707506804257,0.5887714644935218,0.7152461973717472,0.6773209912468081,2.2250101405388274,0.0,,reasoner_13b,32,494,494,
0.5789019836033501,0.09718698822536845,0.7314892596450168,0.35323581739858484,direct_retraining_budgeted_knn,,0.5586357084788663,0.5999929105385081,0.7581842659005417,0.7179823121248702,2.248230520717851,0.0,,reasoner_13b,32,494,494,
0.5626909369590519,0.11339803486966658,0.7043730150840519,0.3279905505590666,direct_retraining_budgeted_mlp,,0.5421628760232057,0.5884605656198472,0.7085089884352598,0.6709410159993104,2.3178976553529456,0.0,,reasoner_13b,32,494,494,
0.5805779311636553,0.09551104066506308,0.7236574207469888,0.3312255239561389,direct_retraining_budgeted_gradient_boosting,,0.5570193485500576,0.6008362798395387,0.7633198479454373,0.7228455851266141,2.310687182692857,0.0,,reasoner_13b,32,494,494,
0.6659623358822467,0.010126635946471889,0.77854074734058,0.26061627302436124,routecode_label_calibration,16,0.6494044708403638,0.6811534754588019,1.0249620533298618,0.9706144772286326,2.3157717134481937,4.0,3.6520610117519876,reasoner_13b,64,857,857,3
0.6251062884377755,0.05098268339094304,0.751468137396109,0.29252459420407284,direct_retraining_budgeted_logistic,,0.6045863862987216,0.6427961640026786,0.8997674537786561,0.8520581946809367,2.38464944851075,0.0,,reasoner_13b,64,857,857,
0.6201215559674341,0.055967415861284404,0.7436096861757676,0.28587200548263386,direct_retraining_budgeted_svm,,0.5990397240669775,0.6413874198413549,0.8844928096432325,0.837593473100082,2.3606027573218205,0.0,,reasoner_13b,64,857,857,
0.6284098608234588,0.047679111005259664,0.7599658556151258,0.3045489149516556,direct_retraining_budgeted_knn,,0.6057805004326813,0.6470247165200511,0.9098905432056539,0.8616445175308443,2.3885402237465443,0.0,,reasoner_13b,64,857,857,
0.5995892398479948,0.07649973198072374,0.7254788440146616,0.29143135904499545,direct_retraining_budgeted_mlp,,0.5789931341319745,0.619333684090217,0.8215759281723641,0.7780126956270947,2.4106265796608226,0.0,,reasoner_13b,64,857,857,
0.6277205371293131,0.048368434699405514,0.7546275110876464,0.29378654526548914,direct_retraining_budgeted_gradient_boosting,,0.6085649987930588,0.648353161311804,0.9077782585073597,0.8596442345920446,2.4046273731843018,0.0,,reasoner_13b,64,857,857,
0.6481037353354165,0.02798523649330199,0.7369426676270832,0.2056599585426457,routecode_no_new_model,16,0.6297378592734744,0.6683086012397145,0.9702382000975075,0.9187923009592797,2.149480397995422,4.0,3.650241553283731,frontier_expensive,0,0,0,
0.6760889718287186,0.0,0.7891331384953851,0.26169448495651704,query_oracle_with_new_model,,0.6609740584306163,0.689379932701869,1.0559929584570038,1.0,2.3292543265432086,0.0,,frontier_expensive,full,1440,1440,
0.2597612096232929,0.41632776220542567,0.5925893346232929,0.7704889807162535,new_model_always,,0.24723129057672483,0.27321117740226125,-0.21975422541335396,-0.20810197989809945,0.0,0.0,,frontier_expensive,always,0,0,
0.6659623358822467,0.010126635946471889,0.77854074734058,0.26061627302436124,routecode_label_calibration,16,0.650793746577951,0.6802734563806526,1.0249620533298618,0.9706144772286326,2.3157717134481937,4.0,3.650241553283731,frontier_expensive,1,16,16,2
0.642768551578133,0.03332042025058554,0.735161442203133,0.21388728528601528,direct_retraining_budgeted_logistic,,0.6253837406284237,0.6633224400255375,0.9538896731154731,0.9033106380834944,2.1197943173287603,0.0,,frontier_expensive,1,16,16,
0.6422539837063539,0.03383498812236469,0.7345949576646872,0.2137670994706423,direct_retraining_budgeted_svm,,0.6213724836582003,0.660506243107755,0.9523128901744201,0.9018174624629325,2.123497578139034,0.0,,frontier_expensive,1,16,16,
0.6467672814304685,0.029321690398250173,0.7406454480971351,0.2173256630475882,direct_retraining_budgeted_knn,,0.6271956085777262,0.6627318071634439,0.966142923586092,0.9149141723424,2.1271598262432625,0.0,,frontier_expensive,1,16,16,
0.6261981210235298,0.049890850805188715,0.7191008449818632,0.21506753700102632,direct_retraining_budgeted_mlp,,0.607745278404966,0.6461970463898261,0.9031131406940692,0.855226479931912,2.1465351118073963,0.0,,frontier_expensive,1,16,16,
0.6388432969057888,0.03724567492292969,0.732777390655789,0.21745513287959814,direct_retraining_budgeted_gradient_boosting,,0.6185760989536155,0.658075838348195,0.9418615715839058,0.8919203144688914,2.1477368276263835,0.0,,frontier_expensive,1,16,16,
0.6659623358822467,0.010126635946471889,0.77854074734058,0.26061627302436124,routecode_label_calibration,16,0.6518139402086033,0.679920532404343,1.0249620533298618,0.9706144772286326,2.3157717134481937,4.0,3.650241553283731,frontier_expensive,2,32,32,2
0.642768551578133,0.03332042025058554,0.735161442203133,0.21388728528601528,direct_retraining_budgeted_logistic,,0.6239985607373203,0.6623744510120246,0.9538896731154731,0.9033106380834944,2.1197943173287603,0.0,,frontier_expensive,2,32,32,
0.6417916447129252,0.03429732711579329,0.7338179103379253,0.21303855736509483,direct_retraining_budgeted_svm,,0.6223129532820086,0.6594321983069744,0.9508961514353659,0.9004758448624475,2.128046248439724,0.0,,frontier_expensive,2,32,32,
0.6468194458142872,0.02926952601443147,0.7407119041476204,0.2173587479068763,direct_retraining_budgeted_knn,,0.6280331171606581,0.6634488282100989,0.9663027701584237,0.9150655432119229,2.1271598262432625,0.0,,frontier_expensive,2,32,32,
0.6248879335489713,0.051201038279747084,0.7156733397989715,0.21016599821746879,direct_retraining_budgeted_mlp,,0.6029615208567057,0.643644791502014,0.8990983520281493,0.8514245713739361,2.1713284965016797,0.0,,frontier_expensive,2,32,32,
0.6395074911627731,0.03658148066594548,0.7328821682461064,0.21616009695889377,direct_retraining_budgeted_gradient_boosting,,0.6222006833447973,0.6581649696218937,0.9438968525087279,0.8938476766814161,2.1140317087733607,0.0,,frontier_expensive,2,32,32,
0.6659623358822467,0.010126635946471889,0.77854074734058,0.26061627302436124,routecode_label_calibration,16,0.6518201035006617,0.6812772673173053,1.0249620533298618,0.9706144772286326,2.3157717134481937,4.0,3.650241553283731,frontier_expensive,4,64,64,2
0.643095422276707,0.03299354955201147,0.7356602868600405,0.21428540079943825,direct_retraining_budgeted_logistic,,0.6238134983808572,0.6633120290885117,0.95489129830373,0.9042591531093147,2.12461231996725,0.0,,frontier_expensive,4,64,64,
0.6422428544586194,0.033846117370099106,0.7344222450836194,0.21339303800032414,direct_retraining_budgeted_svm,,0.6235238961212051,0.6602618460233983,0.9522787869803869,0.9017851675562667,2.1283963896901774,0.0,,frontier_expensive,4,64,64,
0.6471661387126715,0.028922833116047073,0.7415128678793382,0.21841037379138986,direct_retraining_budgeted_knn,,0.6275020962328784,0.6652519816453799,0.9673651362289415,0.9160715783961632,2.134975835023857,0.0,,frontier_expensive,4,64,64,
0.632189629773953,0.04389934205476547,0.7270627078989531,0.21962885877491492,direct_retraining_budgeted_mlp,,0.6151946942352022,0.653125164909335,0.9214728349287176,0.872612669951091,2.1648061614254672,0.0,,frontier_expensive,4,64,64,
0.6389456428837658,0.03714332894495273,0.7342421116337658,0.22060899773132395,direct_retraining_budgeted_gradient_boosting,,0.6185686756281656,0.657632585474101,0.9421751888946827,0.8922173025389967,2.141257194919907,0.0,,frontier_expensive,4,64,64,
0.6659623358822467,0.010126635946471889,0.77854074734058,0.26061627302436124,routecode_label_calibration,16,0.6494923940158753,0.6810851848856152,1.0249620533298618,0.9706144772286326,2.3157717134481937,4.0,3.650241553283731,frontier_expensive,8,128,128,2
0.6423468206320007,0.03374215119671784,0.7354034716736674,0.215423874439583,direct_retraining_budgeted_logistic,,0.6226365250853568,0.6609439075635275,0.9525973690326774,0.9020868571174888,2.113250981538344,0.0,,frontier_expensive,8,128,128,
0.6420785451831932,0.034010426645525324,0.7343452170581932,0.21359509196240484,direct_retraining_budgeted_svm,,0.6213966717243593,0.6599076027200497,0.9517752964269385,0.9013083740801207,2.122916405281176,0.0,,frontier_expensive,8,128,128,
0.6469627755767381,0.02912619625198042,0.7403167443267381,0.21611215767298655,direct_retraining_budgeted_knn,,0.630606163938773,0.6625851334546158,0.9667419734914969,0.9154814582325259,2.1186411044052345,0.0,,frontier_expensive,8,128,128,
0.6282507636113709,0.04783820821734772,0.7236994823613708,0.22096145276292337,direct_retraining_budgeted_mlp,,0.6075781202148546,0.648733221043621,0.9094030239030553,0.8611828484461271,2.1861070596483883,0.0,,frontier_expensive,8,128,128,
0.6411781556690076,0.03491081615971094,0.7390773848356744,0.22663432452870955,direct_retraining_budgeted_gradient_boosting,,0.6208772396773032,0.6594134850239943,0.9490162457668917,0.8986956192904691,2.2005689086487084,0.0,,frontier_expensive,8,128,128,
0.6659623358822467,0.010126635946471889,0.77854074734058,0.26061627302436124,routecode_label_calibration,16,0.6497180735629394,0.6814562979726454,1.0249620533298618,0.9706144772286326,2.3157717134481937,4.0,3.650241553283731,frontier_expensive,16,256,256,2
0.6456218673013358,0.030467104527382695,0.7417126537596691,0.2224478238265003,direct_retraining_budgeted_logistic,,0.6282854588063373,0.6663727216690349,0.9626330475166567,0.9115904039012128,2.169603324318544,0.0,,frontier_expensive,16,256,256,
0.6411446106114955,0.03494436121722303,0.7336692981114955,0.2141923918327662,direct_retraining_budgeted_svm,,0.6219312119628091,0.6610743441654957,0.9489134541288152,0.8985982780750252,2.1176327216803092,0.0,,frontier_expensive,16,256,256,
0.6503704814538014,0.025718490374917243,0.749965241870468,0.23055943796251283,direct_retraining_budgeted_knn,,0.6327334388446286,0.6684232315136165,0.9771841576809263,0.9253699561678599,2.20509292399255,0.0,,frontier_expensive,16,256,256,
0.6330149176140516,0.043074054214667035,0.7290256415723848,0.22226248109436617,direct_retraining_budgeted_mlp,,0.6132104518781677,0.6527362842658933,0.9240017526072094,0.8750074943277488,2.1998477059556945,0.0,,frontier_expensive,16,256,256,
0.6433589164294093,0.032730055399309205,0.7405307289294093,0.22495037271106794,direct_retraining_budgeted_gradient_boosting,,0.622805013166393,0.6611110772164902,0.9556987196524664,0.9050237617577627,2.187295079840538,0.0,,frontier_expensive,16,256,256,
0.6659623358822467,0.010126635946471889,0.77854074734058,0.26061627302436124,routecode_label_calibration,16,0.6509992344015855,0.6821679376381896,1.0249620533298618,0.9706144772286326,2.3157717134481937,4.0,3.650241553283731,frontier_expensive,32,494,494,2
0.6537598611152045,0.022329110713514136,0.7585539809068711,0.24259582793172366,direct_retraining_budgeted_logistic,,0.6379477252968027,0.6700870363310485,0.9875701851108455,0.9352052749990527,2.255570155472801,0.0,,frontier_expensive,32,494,494,
0.6577080871724477,0.018380884656271013,0.7643670871724475,0.2469129800680603,direct_retraining_budgeted_svm,,0.6399149435424085,0.6742964445193242,0.9996686775273235,0.9466622570930963,2.2654543851340163,0.0,,frontier_expensive,32,494,494,
0.6596800916977607,0.016408880130957922,0.7656270239894273,0.2452645607140928,direct_retraining_budgeted_knn,,0.6435228363730969,0.6755782659511719,1.0057114626791488,0.9523846296746853,2.279164867310206,0.0,,frontier_expensive,32,494,494,
0.6432608967869591,0.032828075041759504,0.7476395009536257,0.24163391940798362,direct_retraining_budgeted_mlp,,0.6244428045118442,0.6616585533040544,0.9553983594695243,0.9047393278696987,2.278966980125265,0.0,,frontier_expensive,32,494,494,
0.6489705053487633,0.02711846647995521,0.7514319115987634,0.2371956530546103,direct_retraining_budgeted_gradient_boosting,,0.6288797807342704,0.667331729631624,0.9728942310038606,0.9213074985134698,2.272087988366054,0.0,,frontier_expensive,32,494,494,
0.6659623358822467,0.010126635946471889,0.77854074734058,0.26061627302436124,routecode_label_calibration,16,0.6509348611222753,0.6786430985707088,1.0249620533298618,0.9706144772286326,2.3157717134481937,4.0,3.650241553283731,frontier_expensive,64,875,875,2
0.6601768454574957,0.01591212637122285,0.7701293454574958,0.25453735213093504,direct_retraining_budgeted_logistic,,0.6432245517636328,0.6748827795218143,1.00723365809245,0.9538261122159374,2.275127629420544,0.0,,frontier_expensive,64,875,875,
0.6628753445620766,0.013213627266641943,0.7726395008120766,0.254101340949603,direct_retraining_budgeted_svm,,0.647298580364922,0.6800232055825715,1.0155026301521302,0.9616566303964399,2.2904723347108673,0.0,,frontier_expensive,64,875,875,
0.6652411974816681,0.010847774347050483,0.7775034422733348,0.259884354912764,direct_retraining_budgeted_knn,,0.651524366229653,0.6814024972163699,1.022752279283458,0.9685218742157936,2.308493651677036,0.0,,frontier_expensive,64,875,875,
0.6370744715815277,0.039014500247190755,0.7495710705398612,0.26042687908496737,direct_retraining_budgeted_mlp,,0.6161179875185534,0.6563553379049256,0.9364413855405088,0.8867875283077821,2.3260588589685294,0.0,,frontier_expensive,64,875,875,
0.6606490454562304,0.015439926372488137,0.7686253944145638,0.24996261073299844,direct_retraining_budgeted_gradient_boosting,,0.6431691418659143,0.6756063809635119,1.0086806137684736,0.9551963445308744,2.287452531816963,0.0,,frontier_expensive,64,875,875,
