sensitivity_name,sensitivity_k,sensitivity_alpha,replicate_seed,mean_utility,oracle_regret,mean_quality,normalized_cost,method,K,utility_ci_low,utility_ci_high,recovered_gap_vs_learned,recovered_gap_vs_oracle,selected_model_entropy,rate_log2K,empirical_H_Z,new_model_id,examples_per_label,calibration_query_count,new_model_evaluations,labels_switching_to_new_model
k_8_alpha_3p0,8,3.0,0,0.7396551724137931,0.16034482758620688,0.7396551724137931,0.0,routecode_no_new_model,8,0.7086206896551724,0.7681465517241379,0.0,0.27906976744186046,0.9415322984536676,3.0,2.369435227891003,Qwen3-8B,0,0,0,
k_8_alpha_3p0,8,3.0,0,0.7327586206896551,0.16724137931034483,0.7327586206896551,0.040516673790177614,random_route_state_calibration,8,0.7008189655172413,0.7595258620689654,0.0,0.2480620155038759,1.5826976219590896,3.0,2.369435227891003,Qwen3-8B,1,8,8,1
k_8_alpha_3p0,8,3.0,0,0.6724137931034483,0.22758620689655173,0.6724137931034483,0.047732680796809465,dataset_stratified_calibration,8,0.6284051724137931,0.7000862068965517,0.0,-0.023255813953488164,1.2297086973447287,3.0,2.369435227891003,Qwen3-8B,1,8,8,1
k_8_alpha_3p0,8,3.0,0,0.7551724137931034,0.14482758620689656,0.7551724137931034,0.08592141487824521,embedding_cluster_calibration,8,0.7232327586206896,0.7853879310344827,0.0,0.3488372093023254,1.2877354872023465,3.0,2.369435227891003,Qwen3-8B,1,8,8,3
k_8_alpha_3p0,8,3.0,0,0.7034482758620689,0.19655172413793104,0.7034482758620689,0.10653196508448319,uniform_route_state_calibration,8,0.6663362068965517,0.7388362068965517,0.0,0.11627906976744182,1.1558761786164027,3.0,2.369435227891003,Qwen3-8B,1,8,8,6
k_8_alpha_3p0,8,3.0,0,0.6655172413793103,0.23448275862068965,0.6655172413793103,0.0974789738019036,active_route_state_calibration,8,0.6196120689655172,0.6948275862068966,0.0,-0.054263565891472715,1.133292734088961,3.0,2.369435227891003,Qwen3-8B,1,8,8,5
k_8_alpha_3p0,8,3.0,0,0.603448275862069,0.296551724137931,0.603448275862069,0.28862375142804386,direct_retraining_budgeted_logistic_active_budget,,0.5680603448275862,0.6423706896551723,0.0,-0.33333333333333315,1.2308314636668285,0.0,,Qwen3-8B,1,8,8,
k_8_alpha_3p0,8,3.0,0,0.7551724137931034,0.14482758620689656,0.7551724137931034,0.08226837149663624,random_route_state_calibration,8,0.7241379310344828,0.7845689655172413,0.0,0.3488372093023254,1.3335331358209044,3.0,2.369435227891003,Qwen3-8B,4,32,32,2
k_8_alpha_3p0,8,3.0,0,0.6758620689655173,0.22413793103448276,0.6758620689655173,0.10244340055406767,dataset_stratified_calibration,8,0.6352155172413794,0.7051724137931035,0.0,-0.007751937984495888,1.174211440062604,3.0,2.369435227891003,Qwen3-8B,4,32,32,5
k_8_alpha_3p0,8,3.0,0,0.7396551724137931,0.16034482758620688,0.7396551724137931,0.05484122515221965,embedding_cluster_calibration,8,0.7128017241379311,0.769051724137931,0.0,0.27906976744186046,1.548531830981644,3.0,2.369435227891003,Qwen3-8B,4,32,32,4
k_8_alpha_3p0,8,3.0,0,0.7482758620689656,0.15172413793103448,0.7482758620689656,0.017047586581215086,uniform_route_state_calibration,8,0.7188793103448275,0.7776724137931034,0.0,0.3178294573643414,1.3927717997368074,3.0,2.369435227891003,Qwen3-8B,4,32,32,4
k_8_alpha_3p0,8,3.0,0,0.7396551724137931,0.16034482758620688,0.7396551724137931,0.005576575833307551,active_route_state_calibration,8,0.7093534482758621,0.7655172413793103,0.0,0.27906976744186046,1.181240555549048,3.0,2.369435227891003,Qwen3-8B,4,32,32,2
k_8_alpha_3p0,8,3.0,0,0.603448275862069,0.296551724137931,0.603448275862069,0.28862375142804386,direct_retraining_budgeted_logistic_active_budget,,0.5680603448275862,0.6423706896551723,0.0,-0.33333333333333315,1.2308314636668285,0.0,,Qwen3-8B,4,32,32,
k_8_alpha_3p0,8,3.0,0,0.7706896551724138,0.12931034482758622,0.7706896551724138,0.049569665072757216,random_route_state_calibration,8,0.7396551724137931,0.8018103448275862,0.0,0.41860465116279094,1.5794838485793843,3.0,2.369435227891003,Qwen3-8B,8,64,64,2
k_8_alpha_3p0,8,3.0,0,0.7120689655172414,0.1879310344827586,0.7120689655172414,0.05404082554808056,dataset_stratified_calibration,8,0.6827586206896552,0.7397413793103448,0.0,0.15503875968992276,1.5600496877881556,3.0,2.369435227891003,Qwen3-8B,8,64,64,4
k_8_alpha_3p0,8,3.0,0,0.7724137931034483,0.12758620689655173,0.7724137931034483,0.05594574367353924,embedding_cluster_calibration,8,0.7413793103448276,0.8052586206896551,0.0,0.4263565891472868,1.5826976219590896,3.0,2.369435227891003,Qwen3-8B,8,64,64,4
k_8_alpha_3p0,8,3.0,0,0.7655172413793103,0.13448275862068965,0.7655172413793103,0.09280937408210788,uniform_route_state_calibration,8,0.7378448275862068,0.7982758620689655,0.0,0.39534883720930225,1.0560212392453807,3.0,2.369435227891003,Qwen3-8B,8,64,64,4
k_8_alpha_3p0,8,3.0,0,0.7413793103448276,0.15862068965517243,0.7413793103448276,0.0027230352191730542,active_route_state_calibration,8,0.7103448275862069,0.7698706896551724,0.0,0.2868217054263568,1.0560212392453807,3.0,2.369435227891003,Qwen3-8B,8,64,64,1
k_8_alpha_3p0,8,3.0,0,0.6051724137931035,0.29482758620689653,0.6051724137931035,0.2894704763890937,direct_retraining_budgeted_logistic_active_budget,,0.5706896551724138,0.6423706896551723,0.0,-0.3255813953488368,1.2208405148294605,0.0,,Qwen3-8B,8,64,64,
k_8_alpha_3p0,8,3.0,0,0.7068965517241379,0.19310344827586207,0.7068965517241379,0.09396628841396266,routecode_no_new_model,8,0.6775862068965517,0.7440086206896551,0.0,0.1317829457364341,1.218539138560509,3.0,2.2321706760973714,Qwen2.5-Coder-7B-Instruct,0,0,0,
k_8_alpha_3p0,8,3.0,0,0.6775862068965517,0.22241379310344828,0.6775862068965517,0.044515400343227186,random_route_state_calibration,8,0.6517241379310345,0.7174137931034482,0.0,0.0,1.1362646774872247,3.0,2.2321706760973714,Qwen2.5-Coder-7B-Instruct,1,8,8,4
k_8_alpha_3p0,8,3.0,0,0.7620689655172413,0.13793103448275862,0.7620689655172413,0.09316496409024738,dataset_stratified_calibration,8,0.7344827586206897,0.7957327586206896,0.0,0.37984496124031,1.218539138560509,3.0,2.2321706760973714,Qwen2.5-Coder-7B-Instruct,1,8,8,1
k_8_alpha_3p0,8,3.0,0,0.743103448275862,0.15689655172413794,0.743103448275862,0.0821242901793711,embedding_cluster_calibration,8,0.7128879310344828,0.7733189655172413,0.0,0.29457364341085274,1.2620470650291409,3.0,2.2321706760973714,Qwen2.5-Coder-7B-Instruct,1,8,8,2
k_8_alpha_3p0,8,3.0,0,0.6379310344827587,0.2620689655172414,0.6379310344827587,0.0474861504050088,uniform_route_state_calibration,8,0.6059051724137932,0.6759482758620688,0.0,-0.17829457364341042,1.8060730314457842,3.0,2.2321706760973714,Qwen2.5-Coder-7B-Instruct,1,8,8,4
k_8_alpha_3p0,8,3.0,0,0.5551724137931034,0.3448275862068966,0.5551724137931034,0.0023749743610898166,active_route_state_calibration,8,0.5206896551724138,0.5888362068965517,0.0,-0.5503875968992246,1.2092815577448295,3.0,2.2321706760973714,Qwen2.5-Coder-7B-Instruct,1,8,8,5
k_8_alpha_3p0,8,3.0,0,0.6413793103448275,0.25862068965517243,0.6413793103448275,0.15674706112201575,direct_retraining_budgeted_logistic_active_budget,,0.6033620689655173,0.6802155172413793,0.0,-0.16279069767441864,1.0303303640855987,0.0,,Qwen2.5-Coder-7B-Instruct,1,8,8,
k_8_alpha_3p0,8,3.0,0,0.5810344827586207,0.31896551724137934,0.5810344827586207,0.013806735900318208,random_route_state_calibration,8,0.5490086206896552,0.6155172413793103,0.0,-0.4341085271317827,1.5784342881609321,3.0,2.2321706760973714,Qwen2.5-Coder-7B-Instruct,4,32,32,3
k_8_alpha_3p0,8,3.0,0,0.6948275862068966,0.20517241379310344,0.6948275862068966,0.09239263837658808,dataset_stratified_calibration,8,0.6611637931034483,0.7284913793103448,0.0,0.07751937984496138,1.3068730363740797,3.0,2.2321706760973714,Qwen2.5-Coder-7B-Instruct,4,32,32,2
k_8_alpha_3p0,8,3.0,0,0.6706896551724137,0.2293103448275862,0.6706896551724137,0.0334747264323509,embedding_cluster_calibration,8,0.63875,0.7051724137931035,0.0,-0.03100775193798455,1.1191274706004661,3.0,2.2321706760973714,Qwen2.5-Coder-7B-Instruct,4,32,32,4
k_8_alpha_3p0,8,3.0,0,0.7637931034482759,0.13620689655172413,0.7637931034482759,0.09120022642452072,uniform_route_state_calibration,8,0.7362068965517241,0.7974568965517241,0.0,0.3875968992248064,1.2238855436827936,3.0,2.2321706760973714,Qwen2.5-Coder-7B-Instruct,4,32,32,2
k_8_alpha_3p0,8,3.0,0,0.7603448275862069,0.1396551724137931,0.7603448275862069,0.08962657638714616,active_route_state_calibration,8,0.7335775862068965,0.7922844827586206,0.0,0.3720930232558141,1.2301294723861287,3.0,2.2321706760973714,Qwen2.5-Coder-7B-Instruct,4,32,32,3
k_8_alpha_3p0,8,3.0,0,0.6413793103448275,0.25862068965517243,0.6413793103448275,0.15674706112201575,direct_retraining_budgeted_logistic_active_budget,,0.6033620689655173,0.6802155172413793,0.0,-0.16279069767441864,1.0303303640855987,0.0,,Qwen2.5-Coder-7B-Instruct,4,32,32,
k_8_alpha_3p0,8,3.0,0,0.6741379310344827,0.22586206896551725,0.6741379310344827,0.04294175030585262,random_route_state_calibration,8,0.6447413793103448,0.7165948275862069,0.0,-0.015503875968992276,1.1282253951941157,3.0,2.2321706760973714,Qwen2.5-Coder-7B-Instruct,8,64,64,5
k_8_alpha_3p0,8,3.0,0,0.7637931034482759,0.13620689655172413,0.7637931034482759,0.09120022642452072,dataset_stratified_calibration,8,0.7362068965517241,0.7974568965517241,0.0,0.3875968992248064,1.2238855436827936,3.0,2.2321706760973714,Qwen2.5-Coder-7B-Instruct,8,64,64,2
k_8_alpha_3p0,8,3.0,0,0.7603448275862069,0.1396551724137931,0.7603448275862069,0.08962657638714616,embedding_cluster_calibration,8,0.7335775862068965,0.7922844827586206,0.0,0.3720930232558141,1.2301294723861287,3.0,2.2321706760973714,Qwen2.5-Coder-7B-Instruct,8,64,64,3
k_8_alpha_3p0,8,3.0,0,0.7637931034482759,0.13620689655172413,0.7637931034482759,0.09120022642452072,uniform_route_state_calibration,8,0.7362068965517241,0.7974568965517241,0.0,0.3875968992248064,1.2238855436827936,3.0,2.2321706760973714,Qwen2.5-Coder-7B-Instruct,8,64,64,2
k_8_alpha_3p0,8,3.0,0,0.7637931034482759,0.13620689655172413,0.7637931034482759,0.09120022642452072,active_route_state_calibration,8,0.7362068965517241,0.7974568965517241,0.0,0.3875968992248064,1.2238855436827936,3.0,2.2321706760973714,Qwen2.5-Coder-7B-Instruct,8,64,64,2
k_8_alpha_3p0,8,3.0,0,0.6413793103448275,0.25862068965517243,0.6413793103448275,0.1568086212434936,direct_retraining_budgeted_logistic_active_budget,,0.6033620689655173,0.6802155172413793,0.0,-0.16279069767441864,1.023436330082819,0.0,,Qwen2.5-Coder-7B-Instruct,8,64,64,
k_8_alpha_3p0,8,3.0,0,0.7655172413793103,0.13448275862068965,0.7655172413793103,0.06062468302285902,routecode_no_new_model,8,0.7335775862068965,0.7974568965517241,0.0,0.39534883720930225,1.578871894551935,3.0,2.366320238394067,DeepSeek-R1-Distill-Qwen-7B,0,0,0,
k_8_alpha_3p0,8,3.0,0,0.7655172413793103,0.13448275862068965,0.7655172413793103,0.05942325801509573,random_route_state_calibration,8,0.735301724137931,0.7983620689655172,0.0,0.39534883720930225,1.646642608247407,3.0,2.366320238394067,DeepSeek-R1-Distill-Qwen-7B,1,8,8,1
k_8_alpha_3p0,8,3.0,0,0.6810344827586207,0.2189655172413793,0.6810344827586207,0.08390308434657104,dataset_stratified_calibration,8,0.65,0.7215948275862069,0.0,0.015503875968992276,1.7580795106846985,3.0,2.366320238394067,DeepSeek-R1-Distill-Qwen-7B,1,8,8,2
k_8_alpha_3p0,8,3.0,0,0.7103448275862069,0.1896551724137931,0.7103448275862069,0.10287977652419224,embedding_cluster_calibration,8,0.681853448275862,0.7457327586206897,0.0,0.14728682170542637,1.5800453482799517,3.0,2.366320238394067,DeepSeek-R1-Distill-Qwen-7B,1,8,8,3
k_8_alpha_3p0,8,3.0,0,0.5724137931034483,0.3275862068965517,0.5724137931034483,0.1296993759957148,uniform_route_state_calibration,8,0.5360344827586208,0.6113362068965517,0.0,-0.47286821705426313,0.1731955618941266,3.0,2.366320238394067,DeepSeek-R1-Distill-Qwen-7B,1,8,8,6
k_8_alpha_3p0,8,3.0,0,0.6913793103448276,0.20862068965517241,0.6913793103448276,0.09106610503607354,active_route_state_calibration,8,0.6594396551724138,0.7353879310344827,0.0,0.0620155038759691,1.7938038765982323,3.0,2.366320238394067,DeepSeek-R1-Distill-Qwen-7B,1,8,8,2
k_8_alpha_3p0,8,3.0,0,0.6586206896551724,0.2413793103448276,0.6586206896551724,0.1455377704594681,direct_retraining_budgeted_logistic_active_budget,,0.6197844827586206,0.6949137931034483,0.0,-0.08527131782945727,1.1964420030587677,0.0,,DeepSeek-R1-Distill-Qwen-7B,1,8,8,
k_8_alpha_3p0,8,3.0,0,0.7224137931034482,0.17758620689655172,0.7224137931034482,0.09477756922887672,random_route_state_calibration,8,0.6896551724137931,0.7630603448275861,0.0,0.20155038759689908,1.5843956871052318,3.0,2.366320238394067,DeepSeek-R1-Distill-Qwen-7B,4,32,32,3
k_8_alpha_3p0,8,3.0,0,0.7655172413793103,0.13448275862068965,0.7655172413793103,0.06062468302285902,dataset_stratified_calibration,8,0.7335775862068965,0.7974568965517241,0.0,0.39534883720930225,1.578871894551935,3.0,2.366320238394067,DeepSeek-R1-Distill-Qwen-7B,4,32,32,0
k_8_alpha_3p0,8,3.0,0,0.6879310344827586,0.2120689655172414,0.6879310344827586,0.061977255947176395,embedding_cluster_calibration,8,0.6542672413793104,0.7241379310344828,0.0,0.04651162790697683,1.7417738543111607,3.0,2.366320238394067,DeepSeek-R1-Distill-Qwen-7B,4,32,32,4
k_8_alpha_3p0,8,3.0,0,0.6948275862068966,0.20517241379310344,0.6948275862068966,0.09238095123507885,uniform_route_state_calibration,8,0.6611637931034483,0.7380172413793102,0.0,0.07751937984496138,1.7895648118161085,3.0,2.366320238394067,DeepSeek-R1-Distill-Qwen-7B,4,32,32,1
k_8_alpha_3p0,8,3.0,0,0.7655172413793103,0.13448275862068965,0.7655172413793103,0.06062468302285902,active_route_state_calibration,8,0.7335775862068965,0.7974568965517241,0.0,0.39534883720930225,1.578871894551935,3.0,2.366320238394067,DeepSeek-R1-Distill-Qwen-7B,4,32,32,0
k_8_alpha_3p0,8,3.0,0,0.6586206896551724,0.2413793103448276,0.6586206896551724,0.1455377704594681,direct_retraining_budgeted_logistic_active_budget,,0.6197844827586206,0.6949137931034483,0.0,-0.08527131782945727,1.1964420030587677,0.0,,DeepSeek-R1-Distill-Qwen-7B,4,32,32,
k_8_alpha_3p0,8,3.0,0,0.7655172413793103,0.13448275862068965,0.7655172413793103,0.06062468302285902,random_route_state_calibration,8,0.7335775862068965,0.7974568965517241,0.0,0.39534883720930225,1.578871894551935,3.0,2.366320238394067,DeepSeek-R1-Distill-Qwen-7B,8,64,64,0
k_8_alpha_3p0,8,3.0,0,0.7655172413793103,0.13448275862068965,0.7655172413793103,0.05942325801509573,dataset_stratified_calibration,8,0.735301724137931,0.7983620689655172,0.0,0.39534883720930225,1.646642608247407,3.0,2.366320238394067,DeepSeek-R1-Distill-Qwen-7B,8,64,64,1
k_8_alpha_3p0,8,3.0,0,0.7620689655172413,0.13793103448275862,0.7620689655172413,0.05930983682385371,embedding_cluster_calibration,8,0.7310344827586207,0.7957327586206896,0.0,0.37984496124031,1.6932846495958476,3.0,2.366320238394067,DeepSeek-R1-Distill-Qwen-7B,8,64,64,1
k_8_alpha_3p0,8,3.0,0,0.7620689655172413,0.13793103448275862,0.7620689655172413,0.05930983682385371,uniform_route_state_calibration,8,0.7310344827586207,0.7957327586206896,0.0,0.37984496124031,1.6932846495958476,3.0,2.366320238394067,DeepSeek-R1-Distill-Qwen-7B,8,64,64,1
k_8_alpha_3p0,8,3.0,0,0.7172413793103448,0.18275862068965518,0.7172413793103448,0.063667761739374,active_route_state_calibration,8,0.6844827586206896,0.746551724137931,0.0,0.17829457364341092,1.9355924265643365,3.0,2.366320238394067,DeepSeek-R1-Distill-Qwen-7B,8,64,64,2
k_8_alpha_3p0,8,3.0,0,0.6586206896551724,0.2413793103448276,0.6586206896551724,0.1455377704594681,direct_retraining_budgeted_logistic_active_budget,,0.6197844827586206,0.6949137931034483,0.0,-0.08527131782945727,1.1964420030587677,0.0,,DeepSeek-R1-Distill-Qwen-7B,8,64,64,
k_8_alpha_3p0,8,3.0,1,0.753448275862069,0.1413793103448276,0.753448275862069,0.00698277592021523,routecode_no_new_model,8,0.7222413793103448,0.7888362068965517,0.0,0.3492063492063494,1.0509474757882091,3.0,2.3787138693210546,Qwen3-8B,0,0,0,
k_8_alpha_3p0,8,3.0,1,0.6896551724137931,0.20517241379310344,0.6896551724137931,0.15158395219935614,random_route_state_calibration,8,0.6551724137931034,0.7164224137931035,0.0,0.05555555555555593,0.7250510449873749,3.0,2.3787138693210546,Qwen3-8B,1,8,8,4
k_8_alpha_3p0,8,3.0,1,0.753448275862069,0.1413793103448276,0.753448275862069,0.00698277592021523,dataset_stratified_calibration,8,0.7222413793103448,0.7888362068965517,0.0,0.3492063492063494,1.0509474757882091,3.0,2.3787138693210546,Qwen3-8B,1,8,8,0
k_8_alpha_3p0,8,3.0,1,0.75,0.14482758620689656,0.75,0.04339435030031591,embedding_cluster_calibration,8,0.7241379310344828,0.7828448275862068,0.0,0.3333333333333335,1.6223459563307503,3.0,2.3787138693210546,Qwen3-8B,1,8,8,2
k_8_alpha_3p0,8,3.0,1,0.6827586206896552,0.2120689655172414,0.6827586206896552,0.14840185913456863,uniform_route_state_calibration,8,0.6448275862068965,0.7130603448275862,0.0,0.023809523809524114,0.7676515870125797,3.0,2.3787138693210546,Qwen3-8B,1,8,8,7
k_8_alpha_3p0,8,3.0,1,0.6741379310344827,0.2206896551724138,0.6741379310344827,0.161744205686211,active_route_state_calibration,8,0.6378448275862069,0.7026293103448276,0.0,-0.015873015873015907,0.3555436510736676,3.0,2.3787138693210546,Qwen3-8B,1,8,8,6
k_8_alpha_3p0,8,3.0,1,0.5793103448275863,0.31551724137931036,0.5793103448275863,0.30597985253716337,direct_retraining_budgeted_logistic_active_budget,,0.5439224137931035,0.6120689655172413,0.0,-0.45238095238095205,1.0522957361347007,0.0,,Qwen3-8B,1,8,8,
k_8_alpha_3p0,8,3.0,1,0.7689655172413793,0.12586206896551724,0.7689655172413793,0.10134069795650054,random_route_state_calibration,8,0.7326724137931034,0.7991810344827586,0.0,0.42063492063492075,0.9325188212710931,3.0,2.3787138693210546,Qwen3-8B,4,32,32,6
k_8_alpha_3p0,8,3.0,1,0.7689655172413793,0.12586206896551724,0.7689655172413793,0.061269214178254254,dataset_stratified_calibration,8,0.7343103448275863,0.7965517241379311,0.0,0.42063492063492075,1.646667175462401,3.0,2.3787138693210546,Qwen3-8B,4,32,32,2
k_8_alpha_3p0,8,3.0,1,0.7517241379310344,0.14310344827586208,0.7517241379310344,0.0755908261524771,embedding_cluster_calibration,8,0.7206896551724138,0.7836637931034482,0.0,0.3412698412698412,1.6351999361369618,3.0,2.3787138693210546,Qwen3-8B,4,32,32,3
k_8_alpha_3p0,8,3.0,1,0.7706896551724138,0.12413793103448276,0.7706896551724138,0.06889319414972658,uniform_route_state_calibration,8,0.7378448275862068,0.8000862068965516,0.0,0.42857142857142894,1.6384488466873321,3.0,2.3787138693210546,Qwen3-8B,4,32,32,3
k_8_alpha_3p0,8,3.0,1,0.7672413793103449,0.12758620689655173,0.7672413793103449,0.10550205644386851,active_route_state_calibration,8,0.7317672413793104,0.7974568965517241,0.0,0.412698412698413,1.009158103372905,3.0,2.3787138693210546,Qwen3-8B,4,32,32,5
k_8_alpha_3p0,8,3.0,1,0.5793103448275863,0.31551724137931036,0.5793103448275863,0.3061464908855633,direct_retraining_budgeted_logistic_active_budget,,0.5439224137931035,0.6120689655172413,0.0,-0.45238095238095205,1.046155408187615,0.0,,Qwen3-8B,4,32,32,
k_8_alpha_3p0,8,3.0,1,0.7517241379310344,0.14310344827586208,0.7517241379310344,0.055260661231708114,random_route_state_calibration,8,0.71625,0.7845689655172413,0.0,0.3412698412698412,1.583913898955183,3.0,2.3787138693210546,Qwen3-8B,8,64,64,4
k_8_alpha_3p0,8,3.0,1,0.7551724137931034,0.1396551724137931,0.7551724137931034,0.03063442531044777,dataset_stratified_calibration,8,0.7206896551724138,0.7871120689655172,0.0,0.3571428571428571,1.3649813391711012,3.0,2.3787138693210546,Qwen3-8B,8,64,64,2
k_8_alpha_3p0,8,3.0,1,0.7396551724137931,0.15517241379310345,0.7396551724137931,0.040991966711343884,embedding_cluster_calibration,8,0.7051724137931035,0.7733189655172413,0.0,0.2857142857142858,1.4336525503398834,3.0,2.3787138693210546,Qwen3-8B,8,64,64,4
k_8_alpha_3p0,8,3.0,1,0.7655172413793103,0.12931034482758622,0.7655172413793103,0.0698677806807544,uniform_route_state_calibration,8,0.7326724137931034,0.7974568965517241,0.0,0.4047619047619048,1.2779559855125808,3.0,2.3787138693210546,Qwen3-8B,8,64,64,3
k_8_alpha_3p0,8,3.0,1,0.756896551724138,0.13793103448275862,0.756896551724138,0.026473066823079795,active_route_state_calibration,8,0.7232327586206896,0.7879310344827586,0.0,0.36507936507936534,1.3181262528299202,3.0,2.3787138693210546,Qwen3-8B,8,64,64,3
k_8_alpha_3p0,8,3.0,1,0.5810344827586207,0.3137931034482759,0.5810344827586207,0.3065379054449326,direct_retraining_budgeted_logistic_active_budget,,0.5465517241379311,0.6146982758620689,0.0,-0.4444444444444443,1.0392509811959254,0.0,,Qwen3-8B,8,64,64,
k_8_alpha_3p0,8,3.0,1,0.6827586206896552,0.2120689655172414,0.6827586206896552,0.08693617351877819,routecode_no_new_model,8,0.6456465517241379,0.7172413793103448,0.0,0.023809523809524114,1.458551382536845,3.0,2.421920167778284,Qwen2.5-Coder-7B-Instruct,0,0,0,
k_8_alpha_3p0,8,3.0,1,0.6344827586206897,0.2603448275862069,0.6344827586206897,0.012637804087279818,random_route_state_calibration,8,0.5921120689655173,0.673405172413793,0.0,-0.19841269841269804,0.48221219715892194,3.0,2.421920167778284,Qwen2.5-Coder-7B-Instruct,1,8,8,5
k_8_alpha_3p0,8,3.0,1,0.7706896551724138,0.12413793103448276,0.7706896551724138,0.06203975261418741,dataset_stratified_calibration,8,0.7327586206896551,0.8009913793103448,0.0,0.42857142857142894,1.5012349439049997,3.0,2.421920167778284,Qwen2.5-Coder-7B-Instruct,1,8,8,2
k_8_alpha_3p0,8,3.0,1,0.7051724137931035,0.1896551724137931,0.7051724137931035,0.08622906209396222,embedding_cluster_calibration,8,0.6680603448275861,0.7371120689655172,0.0,0.12698412698412725,1.0510751761908375,3.0,2.421920167778284,Qwen2.5-Coder-7B-Instruct,1,8,8,3
k_8_alpha_3p0,8,3.0,1,0.7120689655172414,0.18275862068965518,0.7120689655172414,0.07522298668388672,uniform_route_state_calibration,8,0.6766810344827586,0.7448275862068966,0.0,0.15873015873015905,1.390369316598493,3.0,2.421920167778284,Qwen2.5-Coder-7B-Instruct,1,8,8,3
k_8_alpha_3p0,8,3.0,1,0.6293103448275862,0.2655172413793103,0.6293103448275862,0.05010905995172355,active_route_state_calibration,8,0.5852155172413793,0.6655172413793103,0.0,-0.22222222222222215,1.6287644861736292,3.0,2.421920167778284,Qwen2.5-Coder-7B-Instruct,1,8,8,5
k_8_alpha_3p0,8,3.0,1,0.6620689655172414,0.23275862068965517,0.6620689655172414,0.15048907477294865,direct_retraining_budgeted_logistic_active_budget,,0.6293103448275862,0.6913793103448276,0.0,-0.07142857142857131,0.9910159813081294,0.0,,Qwen2.5-Coder-7B-Instruct,1,8,8,
k_8_alpha_3p0,8,3.0,1,0.6706896551724137,0.22413793103448276,0.6706896551724137,0.06274686403900337,random_route_state_calibration,8,0.6344827586206897,0.7060775862068965,0.0,-0.031746031746031814,1.8056991723101337,3.0,2.421920167778284,Qwen2.5-Coder-7B-Instruct,4,32,32,2
k_8_alpha_3p0,8,3.0,1,0.6827586206896552,0.2120689655172414,0.6827586206896552,0.08693617351877819,dataset_stratified_calibration,8,0.6456465517241379,0.7172413793103448,0.0,0.023809523809524114,1.458551382536845,3.0,2.421920167778284,Qwen2.5-Coder-7B-Instruct,4,32,32,0
k_8_alpha_3p0,8,3.0,1,0.7706896551724138,0.12413793103448276,0.7706896551724138,0.06203975261418741,embedding_cluster_calibration,8,0.7327586206896551,0.8009913793103448,0.0,0.42857142857142894,1.5012349439049997,3.0,2.421920167778284,Qwen2.5-Coder-7B-Instruct,4,32,32,2
k_8_alpha_3p0,8,3.0,1,0.7706896551724138,0.12413793103448276,0.7706896551724138,0.06203975261418741,uniform_route_state_calibration,8,0.7327586206896551,0.8009913793103448,0.0,0.42857142857142894,1.5012349439049997,3.0,2.421920167778284,Qwen2.5-Coder-7B-Instruct,4,32,32,2
k_8_alpha_3p0,8,3.0,1,0.6844827586206896,0.2103448275862069,0.6844827586206896,0.012637804087279818,active_route_state_calibration,8,0.6473706896551724,0.7224137931034482,0.0,0.031746031746031814,1.0799105089298804,3.0,2.421920167778284,Qwen2.5-Coder-7B-Instruct,4,32,32,3
k_8_alpha_3p0,8,3.0,1,0.6620689655172414,0.23275862068965517,0.6620689655172414,0.15048907477294865,direct_retraining_budgeted_logistic_active_budget,,0.6293103448275862,0.6913793103448276,0.0,-0.07142857142857131,0.9910159813081294,0.0,,Qwen2.5-Coder-7B-Instruct,4,32,32,
k_8_alpha_3p0,8,3.0,1,0.7706896551724138,0.12413793103448276,0.7706896551724138,0.06203975261418741,random_route_state_calibration,8,0.7327586206896551,0.8009913793103448,0.0,0.42857142857142894,1.5012349439049997,3.0,2.421920167778284,Qwen2.5-Coder-7B-Instruct,8,64,64,2
k_8_alpha_3p0,8,3.0,1,0.7706896551724138,0.12413793103448276,0.7706896551724138,0.06203975261418741,dataset_stratified_calibration,8,0.7327586206896551,0.8009913793103448,0.0,0.42857142857142894,1.5012349439049997,3.0,2.421920167778284,Qwen2.5-Coder-7B-Instruct,8,64,64,2
k_8_alpha_3p0,8,3.0,1,0.7706896551724138,0.12413793103448276,0.7706896551724138,0.06203975261418741,embedding_cluster_calibration,8,0.7327586206896551,0.8009913793103448,0.0,0.42857142857142894,1.5012349439049997,3.0,2.421920167778284,Qwen2.5-Coder-7B-Instruct,8,64,64,2
k_8_alpha_3p0,8,3.0,1,0.7551724137931034,0.1396551724137931,0.7551724137931034,0.08622906209396222,uniform_route_state_calibration,8,0.7224137931034482,0.7871982758620689,0.0,0.3571428571428571,1.458551382536845,3.0,2.421920167778284,Qwen2.5-Coder-7B-Instruct,8,64,64,1
k_8_alpha_3p0,8,3.0,1,0.6844827586206896,0.2103448275862069,0.6844827586206896,0.012637804087279818,active_route_state_calibration,8,0.6473706896551724,0.7224137931034482,0.0,0.031746031746031814,1.0799105089298804,3.0,2.421920167778284,Qwen2.5-Coder-7B-Instruct,8,64,64,3
k_8_alpha_3p0,8,3.0,1,0.6637931034482759,0.23103448275862068,0.6637931034482759,0.14956787618177314,direct_retraining_budgeted_logistic_active_budget,,0.6310344827586207,0.6940086206896552,0.0,-0.06349206349206311,1.0106784416063506,0.0,,Qwen2.5-Coder-7B-Instruct,8,64,64,
k_8_alpha_3p0,8,3.0,1,0.7706896551724138,0.12413793103448276,0.7706896551724138,0.0929082469977532,routecode_no_new_model,8,0.7378448275862068,0.8026293103448275,0.0,0.42857142857142894,1.29038624475356,3.0,2.248397521876671,DeepSeek-R1-Distill-Qwen-7B,0,0,0,
k_8_alpha_3p0,8,3.0,1,0.65,0.24482758620689654,0.65,0.11692736427956925,random_route_state_calibration,8,0.6109913793103449,0.6906465517241379,0.0,-0.12698412698412673,1.2951113539568486,3.0,2.248397521876671,DeepSeek-R1-Distill-Qwen-7B,1,8,8,3
k_8_alpha_3p0,8,3.0,1,0.7672413793103449,0.12758620689655173,0.7672413793103449,0.09102043569660935,dataset_stratified_calibration,8,0.7362068965517241,0.7982758620689655,0.0,0.412698412698413,1.4186103842570776,3.0,2.248397521876671,DeepSeek-R1-Distill-Qwen-7B,1,8,8,1
k_8_alpha_3p0,8,3.0,1,0.7586206896551724,0.13620689655172413,0.7586206896551724,0.09577739431811465,embedding_cluster_calibration,8,0.7266810344827586,0.7906465517241379,0.0,0.373015873015873,1.4526302673431333,3.0,2.248397521876671,DeepSeek-R1-Distill-Qwen-7B,1,8,8,1
k_8_alpha_3p0,8,3.0,1,0.7137931034482758,0.1810344827586207,0.7137931034482758,0.08416551319947638,uniform_route_state_calibration,8,0.6827586206896552,0.753448275862069,0.0,0.16666666666666674,1.5832603777605918,3.0,2.248397521876671,DeepSeek-R1-Distill-Qwen-7B,1,8,8,5
k_8_alpha_3p0,8,3.0,1,0.6241379310344828,0.2706896551724138,0.6241379310344828,0.13022512235423545,active_route_state_calibration,8,0.5921120689655173,0.6655172413793103,0.0,-0.24603174603174577,1.0130696015026208,3.0,2.248397521876671,DeepSeek-R1-Distill-Qwen-7B,1,8,8,4
k_8_alpha_3p0,8,3.0,1,0.6775862068965517,0.21724137931034482,0.6775862068965517,0.1497814699488603,direct_retraining_budgeted_logistic_active_budget,,0.6421120689655172,0.7112499999999999,0.0,0.0,1.063684117901536,0.0,,DeepSeek-R1-Distill-Qwen-7B,1,8,8,
k_8_alpha_3p0,8,3.0,1,0.7206896551724138,0.17413793103448275,0.7206896551724138,0.08795898410036834,random_route_state_calibration,8,0.6896551724137931,0.7586206896551724,0.0,0.19841269841269857,1.5830978257832662,3.0,2.248397521876671,DeepSeek-R1-Distill-Qwen-7B,4,32,32,3
k_8_alpha_3p0,8,3.0,1,0.7672413793103449,0.12758620689655173,0.7672413793103449,0.08946116262618731,dataset_stratified_calibration,8,0.735301724137931,0.8000862068965516,0.0,0.412698412698413,1.3930985556533515,3.0,2.248397521876671,DeepSeek-R1-Distill-Qwen-7B,4,32,32,1
k_8_alpha_3p0,8,3.0,1,0.7603448275862069,0.13448275862068965,0.7603448275862069,0.10012914535012486,embedding_cluster_calibration,8,0.7283189655172414,0.7905603448275862,0.0,0.3809523809523812,1.29038624475356,3.0,2.248397521876671,DeepSeek-R1-Distill-Qwen-7B,4,32,32,1
k_8_alpha_3p0,8,3.0,1,0.7706896551724138,0.12413793103448276,0.7706896551724138,0.0929082469977532,uniform_route_state_calibration,8,0.7378448275862068,0.8026293103448275,0.0,0.42857142857142894,1.29038624475356,3.0,2.248397521876671,DeepSeek-R1-Distill-Qwen-7B,4,32,32,0
k_8_alpha_3p0,8,3.0,1,0.7603448275862069,0.13448275862068965,0.7603448275862069,0.10012914535012486,active_route_state_calibration,8,0.7283189655172414,0.7905603448275862,0.0,0.3809523809523812,1.29038624475356,3.0,2.248397521876671,DeepSeek-R1-Distill-Qwen-7B,4,32,32,1
k_8_alpha_3p0,8,3.0,1,0.6775862068965517,0.21724137931034482,0.6775862068965517,0.1497814699488603,direct_retraining_budgeted_logistic_active_budget,,0.6421120689655172,0.7112499999999999,0.0,0.0,1.063684117901536,0.0,,DeepSeek-R1-Distill-Qwen-7B,4,32,32,
k_8_alpha_3p0,8,3.0,1,0.6862068965517242,0.20862068965517241,0.6862068965517242,0.12720971422818195,random_route_state_calibration,8,0.6550862068965517,0.7241379310344828,0.0,0.03968253968254002,1.46888041226133,3.0,2.248397521876671,DeepSeek-R1-Distill-Qwen-7B,8,64,64,2
k_8_alpha_3p0,8,3.0,1,0.7706896551724138,0.12413793103448276,0.7706896551724138,0.0929082469977532,dataset_stratified_calibration,8,0.7378448275862068,0.8026293103448275,0.0,0.42857142857142894,1.29038624475356,3.0,2.248397521876671,DeepSeek-R1-Distill-Qwen-7B,8,64,64,0
k_8_alpha_3p0,8,3.0,1,0.7706896551724138,0.12413793103448276,0.7706896551724138,0.0929082469977532,embedding_cluster_calibration,8,0.7378448275862068,0.8026293103448275,0.0,0.42857142857142894,1.29038624475356,3.0,2.248397521876671,DeepSeek-R1-Distill-Qwen-7B,8,64,64,0
k_8_alpha_3p0,8,3.0,1,0.7586206896551724,0.13620689655172413,0.7586206896551724,0.09577739431811465,uniform_route_state_calibration,8,0.7266810344827586,0.7906465517241379,0.0,0.373015873015873,1.4526302673431333,3.0,2.248397521876671,DeepSeek-R1-Distill-Qwen-7B,8,64,64,1
k_8_alpha_3p0,8,3.0,1,0.7603448275862069,0.13448275862068965,0.7603448275862069,0.10012914535012486,active_route_state_calibration,8,0.7283189655172414,0.7905603448275862,0.0,0.3809523809523812,1.29038624475356,3.0,2.248397521876671,DeepSeek-R1-Distill-Qwen-7B,8,64,64,1
k_8_alpha_3p0,8,3.0,1,0.6775862068965517,0.21724137931034482,0.6775862068965517,0.14974044906940986,direct_retraining_budgeted_logistic_active_budget,,0.6421120689655172,0.7112499999999999,0.0,0.0,1.050557412988162,0.0,,DeepSeek-R1-Distill-Qwen-7B,8,64,64,
k_16_alpha_3p0,16,3.0,0,0.7172413793103448,0.18275862068965518,0.7172413793103448,0.0047200494558821676,routecode_no_new_model,16,0.6775,0.75,0.0,0.17829457364341092,1.1366139832446578,4.0,2.974033875951337,Qwen3-8B,0,0,0,
k_16_alpha_3p0,16,3.0,0,0.6689655172413793,0.23103448275862068,0.6689655172413793,0.1022787164388096,random_route_state_calibration,16,0.6327586206896552,0.7060775862068965,0.0,-0.03875968992248044,1.4847906814725957,4.0,2.974033875951337,Qwen3-8B,1,16,16,4
k_16_alpha_3p0,16,3.0,0,0.6413793103448275,0.25862068965517243,0.6413793103448275,0.04712739091192766,dataset_stratified_calibration,16,0.6,0.6862068965517242,0.0,-0.16279069767441864,1.4147145894631197,4.0,2.974033875951337,Qwen3-8B,1,16,16,2
k_16_alpha_3p0,16,3.0,0,0.7310344827586207,0.16896551724137931,0.7310344827586207,0.05651656989768496,embedding_cluster_calibration,16,0.7016379310344827,0.7674999999999998,0.0,0.24031007751938002,1.6192232160019882,4.0,2.974033875951337,Qwen3-8B,1,16,16,4
k_16_alpha_3p0,16,3.0,0,0.6724137931034483,0.22758620689655173,0.6724137931034483,0.13265883156849761,uniform_route_state_calibration,16,0.6370258620689655,0.707801724137931,0.0,-0.023255813953488164,0.9092147653059066,4.0,2.974033875951337,Qwen3-8B,1,16,16,10
k_16_alpha_3p0,16,3.0,0,0.6827586206896552,0.21724137931034482,0.6827586206896552,0.1446760922366715,active_route_state_calibration,16,0.6490948275862068,0.7146982758620689,0.0,0.023255813953488663,0.40675205917576857,4.0,2.974033875951337,Qwen3-8B,1,16,16,12
k_16_alpha_3p0,16,3.0,0,0.603448275862069,0.296551724137931,0.603448275862069,0.28862375142804386,direct_retraining_budgeted_logistic_active_budget,,0.5680603448275862,0.6423706896551723,0.0,-0.33333333333333315,1.2308314636668285,0.0,,Qwen3-8B,1,16,16,
k_16_alpha_3p0,16,3.0,0,0.746551724137931,0.15344827586206897,0.746551724137931,0.08509422743518079,random_route_state_calibration,16,0.7118103448275862,0.7863793103448276,0.0,0.310077519379845,1.1128399026041933,4.0,2.974033875951337,Qwen3-8B,4,62,62,8
k_16_alpha_3p0,16,3.0,0,0.7224137931034482,0.17758620689655172,0.7224137931034482,0.05278352624106649,dataset_stratified_calibration,16,0.685301724137931,0.7526293103448275,0.0,0.20155038759689908,1.7145421919660802,4.0,2.974033875951337,Qwen3-8B,4,62,62,7
k_16_alpha_3p0,16,3.0,0,0.7448275862068966,0.15517241379310345,0.7448275862068966,0.08140705078624076,embedding_cluster_calibration,16,0.7119827586206896,0.7854741379310344,0.0,0.3023255813953491,1.432669732585112,4.0,2.974033875951337,Qwen3-8B,4,62,62,6
k_16_alpha_3p0,16,3.0,0,0.7586206896551724,0.1413793103448276,0.7586206896551724,0.09536194311045716,uniform_route_state_calibration,16,0.7284051724137931,0.7949137931034482,0.0,0.3643410852713177,1.1969551680743873,4.0,2.974033875951337,Qwen3-8B,4,62,62,9
k_16_alpha_3p0,16,3.0,0,0.6741379310344827,0.22586206896551725,0.6741379310344827,0.1091872520855843,active_route_state_calibration,16,0.6370258620689655,0.7105172413793103,0.0,-0.015503875968992276,1.3793844437157305,4.0,2.974033875951337,Qwen3-8B,4,62,62,8
k_16_alpha_3p0,16,3.0,0,0.603448275862069,0.296551724137931,0.603448275862069,0.2881439048528102,direct_retraining_budgeted_logistic_active_budget,,0.5706896551724138,0.6389224137931033,0.0,-0.33333333333333315,1.2308314636668285,0.0,,Qwen3-8B,4,62,62,
k_16_alpha_3p0,16,3.0,0,0.7293103448275862,0.1706896551724138,0.7293103448275862,0.08256087928188895,random_route_state_calibration,16,0.6963793103448276,0.7648706896551724,0.0,0.23255813953488363,1.353155022514433,4.0,2.974033875951337,Qwen3-8B,8,122,122,6
k_16_alpha_3p0,16,3.0,0,0.7258620689655172,0.17413793103448275,0.7258620689655172,0.039610867231123746,dataset_stratified_calibration,16,0.6879310344827586,0.762155172413793,0.0,0.21705426356589136,1.6918454090850794,4.0,2.974033875951337,Qwen3-8B,8,122,122,5
k_16_alpha_3p0,16,3.0,0,0.7362068965517241,0.16379310344827586,0.7362068965517241,0.05213416111204686,embedding_cluster_calibration,16,0.7016379310344827,0.776853448275862,0.0,0.2635658914728682,1.6813159740117267,4.0,2.974033875951337,Qwen3-8B,8,122,122,4
k_16_alpha_3p0,16,3.0,0,0.7448275862068966,0.15517241379310345,0.7448275862068966,0.07014248817172508,uniform_route_state_calibration,16,0.7103448275862069,0.7821982758620688,0.0,0.3023255813953491,1.669020621518592,4.0,2.974033875951337,Qwen3-8B,8,122,122,8
k_16_alpha_3p0,16,3.0,0,0.7396551724137931,0.16034482758620688,0.7396551724137931,0.07692577759902154,active_route_state_calibration,16,0.7059913793103448,0.7775862068965518,0.0,0.27906976744186046,1.540877529411925,4.0,2.974033875951337,Qwen3-8B,8,122,122,5
k_16_alpha_3p0,16,3.0,0,0.6017241379310345,0.2982758620689655,0.6017241379310345,0.28978632637291785,direct_retraining_budgeted_logistic_active_budget,,0.5680603448275862,0.6389224137931033,0.0,-0.34108527131782906,1.2282845668162699,0.0,,Qwen3-8B,8,122,122,
k_16_alpha_3p0,16,3.0,0,0.7034482758620689,0.19655172413793104,0.7034482758620689,0.09340454934530537,routecode_no_new_model,16,0.6680603448275861,0.7405603448275861,0.0,0.11627906976744182,1.3966518255225502,4.0,2.685623224657539,Qwen2.5-Coder-7B-Instruct,0,0,0,
k_16_alpha_3p0,16,3.0,0,0.753448275862069,0.14655172413793102,0.753448275862069,0.0927921489359995,random_route_state_calibration,16,0.724051724137931,0.7922844827586206,0.0,0.34108527131782956,1.6616336387185666,4.0,2.685623224657539,Qwen2.5-Coder-7B-Instruct,1,16,16,1
k_16_alpha_3p0,16,3.0,0,0.7586206896551724,0.1413793103448276,0.7586206896551724,0.09268957037780577,dataset_stratified_calibration,16,0.7275862068965517,0.7965517241379311,0.0,0.3643410852713177,1.5342835273343987,4.0,2.685623224657539,Qwen2.5-Coder-7B-Instruct,1,16,16,2
k_16_alpha_3p0,16,3.0,0,0.6448275862068965,0.25517241379310346,0.6448275862068965,0.040572350617300926,embedding_cluster_calibration,16,0.6189655172413793,0.6828448275862068,0.0,-0.14728682170542637,1.0350872147916996,4.0,2.685623224657539,Qwen2.5-Coder-7B-Instruct,1,16,16,7
k_16_alpha_3p0,16,3.0,0,0.7603448275862069,0.1396551724137931,0.7603448275862069,0.08969982097642897,uniform_route_state_calibration,16,0.7301293103448275,0.7974568965517241,0.0,0.3720930232558141,1.526203212529074,4.0,2.685623224657539,Qwen2.5-Coder-7B-Instruct,1,16,16,4
k_16_alpha_3p0,16,3.0,0,0.6155172413793103,0.28448275862068967,0.6155172413793103,0.040391400069745474,active_route_state_calibration,16,0.5792241379310344,0.653448275862069,0.0,-0.27906976744186046,1.7896677597865367,4.0,2.685623224657539,Qwen2.5-Coder-7B-Instruct,1,16,16,7
k_16_alpha_3p0,16,3.0,0,0.6413793103448275,0.25862068965517243,0.6413793103448275,0.15674706112201575,direct_retraining_budgeted_logistic_active_budget,,0.6033620689655173,0.6802155172413793,0.0,-0.16279069767441864,1.0303303640855987,0.0,,Qwen2.5-Coder-7B-Instruct,1,16,16,
k_16_alpha_3p0,16,3.0,0,0.6948275862068966,0.20517241379310344,0.6948275862068966,0.08674037648042024,random_route_state_calibration,16,0.6637068965517241,0.7293103448275862,0.0,0.07751937984496138,1.4589708516799198,4.0,2.685623224657539,Qwen2.5-Coder-7B-Instruct,4,62,62,5
k_16_alpha_3p0,16,3.0,0,0.7551724137931034,0.14482758620689656,0.7551724137931034,0.08980239953462271,dataset_stratified_calibration,16,0.7275862068965517,0.7905603448275862,0.0,0.3488372093023254,1.6766272390039316,4.0,2.685623224657539,Qwen2.5-Coder-7B-Instruct,4,62,62,2
k_16_alpha_3p0,16,3.0,0,0.7620689655172413,0.13793103448275862,0.7620689655172413,0.08895104180870714,embedding_cluster_calibration,16,0.7318534482758621,0.7974568965517241,0.0,0.37984496124031,1.3890445175412816,4.0,2.685623224657539,Qwen2.5-Coder-7B-Instruct,4,62,62,6
k_16_alpha_3p0,16,3.0,0,0.7034482758620689,0.19655172413793104,0.7034482758620689,0.0911538605800944,uniform_route_state_calibration,16,0.6645258620689655,0.7379310344827587,0.0,0.11627906976744182,1.647796963632048,4.0,2.685623224657539,Qwen2.5-Coder-7B-Instruct,4,62,62,3
k_16_alpha_3p0,16,3.0,0,0.7586206896551724,0.1413793103448276,0.7586206896551724,0.09261790174596678,active_route_state_calibration,16,0.7293103448275862,0.7957327586206896,0.0,0.3643410852713177,1.3966518255225502,4.0,2.685623224657539,Qwen2.5-Coder-7B-Instruct,4,62,62,3
k_16_alpha_3p0,16,3.0,0,0.6413793103448275,0.25862068965517243,0.6413793103448275,0.15785163540915859,direct_retraining_budgeted_logistic_active_budget,,0.6033620689655173,0.6802155172413793,0.0,-0.16279069767441864,1.029869802966127,0.0,,Qwen2.5-Coder-7B-Instruct,4,62,62,
k_16_alpha_3p0,16,3.0,0,0.756896551724138,0.14310344827586208,0.756896551724138,0.08742472855221606,random_route_state_calibration,16,0.7275862068965517,0.7922844827586206,0.0,0.35658914728682184,1.2252680604995674,4.0,2.685623224657539,Qwen2.5-Coder-7B-Instruct,8,122,122,6
k_16_alpha_3p0,16,3.0,0,0.7603448275862069,0.1396551724137931,0.7603448275862069,0.08962815234458997,dataset_stratified_calibration,16,0.7293103448275862,0.7940086206896552,0.0,0.3720930232558141,1.4064136465315475,4.0,2.685623224657539,Qwen2.5-Coder-7B-Instruct,8,122,122,4
k_16_alpha_3p0,16,3.0,0,0.7620689655172413,0.13793103448275862,0.7620689655172413,0.08749639718405507,embedding_cluster_calibration,16,0.7335775862068965,0.7991810344827586,0.0,0.37984496124031,1.4201778869197725,4.0,2.685623224657539,Qwen2.5-Coder-7B-Instruct,8,122,122,5
k_16_alpha_3p0,16,3.0,0,0.7586206896551724,0.1413793103448276,0.7586206896551724,0.09261790174596678,uniform_route_state_calibration,16,0.7293103448275862,0.7957327586206896,0.0,0.3643410852713177,1.3966518255225502,4.0,2.685623224657539,Qwen2.5-Coder-7B-Instruct,8,122,122,3
k_16_alpha_3p0,16,3.0,0,0.7586206896551724,0.1413793103448276,0.7586206896551724,0.09261790174596678,active_route_state_calibration,16,0.7293103448275862,0.7957327586206896,0.0,0.3643410852713177,1.3966518255225502,4.0,2.685623224657539,Qwen2.5-Coder-7B-Instruct,8,122,122,3
k_16_alpha_3p0,16,3.0,0,0.6413793103448275,0.25862068965517243,0.6413793103448275,0.15674706112201575,direct_retraining_budgeted_logistic_active_budget,,0.6033620689655173,0.6802155172413793,0.0,-0.16279069767441864,1.0303303640855987,0.0,,Qwen2.5-Coder-7B-Instruct,8,122,122,
k_16_alpha_3p0,16,3.0,0,0.7655172413793103,0.13448275862068965,0.7655172413793103,0.06787183371395412,routecode_no_new_model,16,0.7404741379310344,0.8051724137931034,0.0,0.39534883720930225,1.541244076861776,4.0,2.7338325493840827,DeepSeek-R1-Distill-Qwen-7B,0,0,0,
k_16_alpha_3p0,16,3.0,0,0.6879310344827586,0.2120689655172414,0.6879310344827586,0.07738550875427878,random_route_state_calibration,16,0.6586206896551724,0.7269396551724137,0.0,0.04651162790697683,1.5939259225422626,4.0,2.7338325493840827,DeepSeek-R1-Distill-Qwen-7B,1,16,16,4
k_16_alpha_3p0,16,3.0,0,0.6482758620689655,0.2517241379310345,0.6482758620689655,0.11700847793296654,dataset_stratified_calibration,16,0.6094396551724138,0.6922844827586206,0.0,-0.1317829457364341,1.4899068716139836,4.0,2.7338325493840827,DeepSeek-R1-Distill-Qwen-7B,1,16,16,4
k_16_alpha_3p0,16,3.0,0,0.7672413793103449,0.13275862068965516,0.7672413793103449,0.06755723349570347,embedding_cluster_calibration,16,0.742198275862069,0.8069827586206896,0.0,0.40310077519379867,1.541244076861776,4.0,2.7338325493840827,DeepSeek-R1-Distill-Qwen-7B,1,16,16,1
k_16_alpha_3p0,16,3.0,0,0.7448275862068966,0.15517241379310345,0.7448275862068966,0.07253994800027933,uniform_route_state_calibration,16,0.7155172413793104,0.7879310344827586,0.0,0.3023255813953491,1.6691237256356382,4.0,2.7338325493840827,DeepSeek-R1-Distill-Qwen-7B,1,16,16,5
k_16_alpha_3p0,16,3.0,0,0.6586206896551724,0.2413793103448276,0.6586206896551724,0.11702053824714208,active_route_state_calibration,16,0.6197844827586206,0.6983620689655171,0.0,-0.08527131782945727,1.465611986779272,4.0,2.7338325493840827,DeepSeek-R1-Distill-Qwen-7B,1,16,16,5
k_16_alpha_3p0,16,3.0,0,0.6586206896551724,0.2413793103448276,0.6586206896551724,0.1455377704594681,direct_retraining_budgeted_logistic_active_budget,,0.6197844827586206,0.6949137931034483,0.0,-0.08527131782945727,1.1964420030587677,0.0,,DeepSeek-R1-Distill-Qwen-7B,1,16,16,
k_16_alpha_3p0,16,3.0,0,0.7672413793103449,0.13275862068965516,0.7672413793103449,0.067962488316869,random_route_state_calibration,16,0.742198275862069,0.8035344827586206,0.0,0.40310077519379867,1.7214622346832122,4.0,2.7338325493840827,DeepSeek-R1-Distill-Qwen-7B,4,64,64,3
k_16_alpha_3p0,16,3.0,0,0.753448275862069,0.14655172413793102,0.753448275862069,0.06941638926989165,dataset_stratified_calibration,16,0.7241379310344828,0.7853879310344827,0.0,0.34108527131782956,1.8262302631256015,4.0,2.7338325493840827,DeepSeek-R1-Distill-Qwen-7B,4,64,64,2
k_16_alpha_3p0,16,3.0,0,0.7293103448275862,0.1706896551724138,0.7293103448275862,0.0762534182348892,embedding_cluster_calibration,16,0.6956465517241379,0.764698275862069,0.0,0.23255813953488363,1.6768404125951275,4.0,2.7338325493840827,DeepSeek-R1-Distill-Qwen-7B,4,64,64,7
k_16_alpha_3p0,16,3.0,0,0.75,0.15,0.75,0.0768723283491672,uniform_route_state_calibration,16,0.7266810344827586,0.7879310344827586,0.0,0.3255813953488373,1.684643141569448,4.0,2.7338325493840827,DeepSeek-R1-Distill-Qwen-7B,4,64,64,2
k_16_alpha_3p0,16,3.0,0,0.75,0.15,0.75,0.07750865458840028,active_route_state_calibration,16,0.7266810344827586,0.7879310344827586,0.0,0.3255813953488373,1.6753821169077612,4.0,2.7338325493840827,DeepSeek-R1-Distill-Qwen-7B,4,64,64,3
k_16_alpha_3p0,16,3.0,0,0.6603448275862069,0.2396551724137931,0.6603448275862069,0.14714350379723218,direct_retraining_budgeted_logistic_active_budget,,0.6214224137931035,0.6957327586206896,0.0,-0.07751937984496088,1.208985500635724,0.0,,DeepSeek-R1-Distill-Qwen-7B,4,64,64,
k_16_alpha_3p0,16,3.0,0,0.746551724137931,0.15344827586206897,0.746551724137931,0.07035591085260202,random_route_state_calibration,16,0.7172413793103448,0.7827586206896552,0.0,0.310077519379845,1.946045233974166,4.0,2.7338325493840827,DeepSeek-R1-Distill-Qwen-7B,8,122,122,4
k_16_alpha_3p0,16,3.0,0,0.7603448275862069,0.1396551724137931,0.7603448275862069,0.06707113694672948,dataset_stratified_calibration,16,0.735301724137931,0.8,0.0,0.3720930232558141,1.6455786165663957,4.0,2.7338325493840827,DeepSeek-R1-Distill-Qwen-7B,8,122,122,1
k_16_alpha_3p0,16,3.0,0,0.75,0.15,0.75,0.06797134133229132,embedding_cluster_calibration,16,0.7215086206896552,0.7836637931034482,0.0,0.3255813953488373,1.8832496409491175,4.0,2.7338325493840827,DeepSeek-R1-Distill-Qwen-7B,8,122,122,3
k_16_alpha_3p0,16,3.0,0,0.753448275862069,0.14655172413793102,0.753448275862069,0.07437369098323923,uniform_route_state_calibration,16,0.724051724137931,0.7862931034482757,0.0,0.34108527131782956,1.866437754684723,4.0,2.7338325493840827,DeepSeek-R1-Distill-Qwen-7B,8,122,122,2
k_16_alpha_3p0,16,3.0,0,0.7655172413793103,0.13448275862068965,0.7655172413793103,0.06787183371395412,active_route_state_calibration,16,0.7404741379310344,0.8051724137931034,0.0,0.39534883720930225,1.541244076861776,4.0,2.7338325493840827,DeepSeek-R1-Distill-Qwen-7B,8,122,122,0
k_16_alpha_3p0,16,3.0,0,0.6586206896551724,0.2413793103448276,0.6586206896551724,0.1455377704594681,direct_retraining_budgeted_logistic_active_budget,,0.6197844827586206,0.6949137931034483,0.0,-0.08527131782945727,1.1964420030587677,0.0,,DeepSeek-R1-Distill-Qwen-7B,8,122,122,
k_16_alpha_3p0,16,3.0,1,0.7448275862068966,0.15,0.7448275862068966,0.023656728882278186,routecode_no_new_model,16,0.7102586206896552,0.7819396551724137,0.0,0.3095238095238099,1.3530375277381048,4.0,3.3761158532867173,Qwen3-8B,0,0,0,
k_16_alpha_3p0,16,3.0,1,0.7051724137931035,0.1896551724137931,0.7051724137931035,0.0943530751140206,random_route_state_calibration,16,0.6697844827586207,0.7344827586206897,0.0,0.12698412698412725,1.8004861223921491,4.0,3.3761158532867173,Qwen3-8B,1,16,16,4
k_16_alpha_3p0,16,3.0,1,0.746551724137931,0.1482758620689655,0.746551724137931,0.022830370643824798,dataset_stratified_calibration,16,0.7155172413793104,0.7802155172413793,0.0,0.3174603174603176,1.4972645071607644,4.0,3.3761158532867173,Qwen3-8B,1,16,16,2
k_16_alpha_3p0,16,3.0,1,0.7327586206896551,0.16206896551724137,0.7327586206896551,0.09320742491666016,embedding_cluster_calibration,16,0.6971982758620691,0.7750431034482759,0.0,0.25396825396825395,1.7561398327865694,4.0,3.3761158532867173,Qwen3-8B,1,16,16,5
k_16_alpha_3p0,16,3.0,1,0.7379310344827587,0.15689655172413794,0.7379310344827587,0.11895703741874385,uniform_route_state_calibration,16,0.7094396551724138,0.7706896551724138,0.0,0.27777777777777807,0.9507911883016812,4.0,3.3761158532867173,Qwen3-8B,1,16,16,11
k_16_alpha_3p0,16,3.0,1,0.6810344827586207,0.21379310344827587,0.6810344827586207,0.15637248111842697,active_route_state_calibration,16,0.6421982758620689,0.7146982758620689,0.0,0.015873015873015907,0.9931743729947846,4.0,3.3761158532867173,Qwen3-8B,1,16,16,12
k_16_alpha_3p0,16,3.0,1,0.5793103448275863,0.31551724137931036,0.5793103448275863,0.30597985253716337,direct_retraining_budgeted_logistic_active_budget,,0.5439224137931035,0.6120689655172413,0.0,-0.45238095238095205,1.0522957361347007,0.0,,Qwen3-8B,1,16,16,
k_16_alpha_3p0,16,3.0,1,0.6775862068965517,0.21724137931034482,0.6775862068965517,0.1563970040551766,random_route_state_calibration,16,0.6447413793103448,0.7138793103448275,0.0,0.0,0.8987776025706563,4.0,3.3761158532867173,Qwen3-8B,4,64,64,10
k_16_alpha_3p0,16,3.0,1,0.753448275862069,0.1413793103448276,0.753448275862069,0.03898636320788528,dataset_stratified_calibration,16,0.7196982758620689,0.7905603448275862,0.0,0.3492063492063494,1.4832325018614172,4.0,3.3761158532867173,Qwen3-8B,4,64,64,7
k_16_alpha_3p0,16,3.0,1,0.753448275862069,0.1413793103448276,0.753448275862069,0.06644441537173666,embedding_cluster_calibration,16,0.7206034482758621,0.7896551724137931,0.0,0.3492063492063494,1.7641024974927952,4.0,3.3761158532867173,Qwen3-8B,4,64,64,4
k_16_alpha_3p0,16,3.0,1,0.7586206896551724,0.13620689655172413,0.7586206896551724,0.035587469662627706,uniform_route_state_calibration,16,0.7283189655172414,0.7931034482758621,0.0,0.373015873015873,1.6289976430073663,4.0,3.3761158532867173,Qwen3-8B,4,64,64,6
k_16_alpha_3p0,16,3.0,1,0.746551724137931,0.1482758620689655,0.746551724137931,0.08986539716510487,active_route_state_calibration,16,0.7146120689655172,0.7775862068965518,0.0,0.3174603174603176,1.7147767662284856,4.0,3.3761158532867173,Qwen3-8B,4,64,64,8
k_16_alpha_3p0,16,3.0,1,0.5793103448275863,0.31551724137931036,0.5793103448275863,0.30450808184189365,direct_retraining_budgeted_logistic_active_budget,,0.5439224137931035,0.6120689655172413,0.0,-0.45238095238095205,1.063863737901548,0.0,,Qwen3-8B,4,64,64,
k_16_alpha_3p0,16,3.0,1,0.753448275862069,0.1413793103448276,0.753448275862069,0.05374686452782003,random_route_state_calibration,16,0.7232327586206896,0.7862068965517242,0.0,0.3492063492063494,1.7596363673259217,4.0,3.3761158532867173,Qwen3-8B,8,128,128,3
k_16_alpha_3p0,16,3.0,1,0.75,0.14482758620689656,0.75,0.06686974922164726,dataset_stratified_calibration,16,0.711896551724138,0.7836637931034482,0.0,0.3333333333333335,1.7758274046103035,4.0,3.3761158532867173,Qwen3-8B,8,128,128,8
k_16_alpha_3p0,16,3.0,1,0.75,0.14482758620689656,0.75,0.04522250497038657,embedding_cluster_calibration,16,0.7155172413793104,0.7853879310344827,0.0,0.3333333333333335,1.6866921549220768,4.0,3.3761158532867173,Qwen3-8B,8,128,128,4
k_16_alpha_3p0,16,3.0,1,0.7620689655172413,0.13275862068965516,0.7620689655172413,0.09583717353523004,uniform_route_state_calibration,16,0.7309482758620689,0.7965517241379311,0.0,0.3888888888888889,1.068881674767656,4.0,3.3761158532867173,Qwen3-8B,8,128,128,9
k_16_alpha_3p0,16,3.0,1,0.7275862068965517,0.16724137931034483,0.7275862068965517,0.1013471595011521,active_route_state_calibration,16,0.6956465517241379,0.7673275862068965,0.0,0.23015873015873037,1.6245629708529579,4.0,3.3761158532867173,Qwen3-8B,8,128,128,10
k_16_alpha_3p0,16,3.0,1,0.5793103448275863,0.31551724137931036,0.5793103448275863,0.30426664958659905,direct_retraining_budgeted_logistic_active_budget,,0.5439224137931035,0.6120689655172413,0.0,-0.45238095238095205,1.0553163347562415,0.0,,Qwen3-8B,8,128,128,
k_16_alpha_3p0,16,3.0,1,0.6896551724137931,0.20517241379310344,0.6896551724137931,0.09762942500669408,routecode_no_new_model,16,0.6455603448275862,0.7224137931034482,0.0,0.05555555555555593,1.4756408831738137,4.0,3.018635891186623,Qwen2.5-Coder-7B-Instruct,0,0,0,
k_16_alpha_3p0,16,3.0,1,0.5793103448275863,0.31551724137931036,0.5793103448275863,0.01228432284302832,random_route_state_calibration,16,0.5343965517241379,0.6225862068965516,0.0,-0.45238095238095205,1.6097206361860066,4.0,3.018635891186623,Qwen2.5-Coder-7B-Instruct,1,16,16,5
k_16_alpha_3p0,16,3.0,1,0.743103448275862,0.15172413793103448,0.743103448275862,0.09424909618189461,dataset_stratified_calibration,16,0.7086206896551724,0.7715948275862069,0.0,0.3015873015873017,1.7472719224526523,4.0,3.018635891186623,Qwen2.5-Coder-7B-Instruct,1,16,16,4
k_16_alpha_3p0,16,3.0,1,0.7206896551724138,0.17413793103448275,0.7206896551724138,0.06591015293956819,embedding_cluster_calibration,16,0.6792241379310344,0.757801724137931,0.0,0.19841269841269857,1.5345604013445522,4.0,3.018635891186623,Qwen2.5-Coder-7B-Instruct,1,16,16,4
k_16_alpha_3p0,16,3.0,1,0.6948275862068966,0.2,0.6948275862068966,0.04127123757353693,uniform_route_state_calibration,16,0.6508189655172414,0.7345689655172413,0.0,0.07936507936507953,1.4692814650706678,4.0,3.018635891186623,Qwen2.5-Coder-7B-Instruct,1,16,16,10
k_16_alpha_3p0,16,3.0,1,0.6758620689655173,0.2189655172413793,0.6758620689655173,0.057696224012312766,active_route_state_calibration,16,0.6378448275862069,0.7120689655172414,0.0,-0.007936507936507697,0.9771683026485025,4.0,3.018635891186623,Qwen2.5-Coder-7B-Instruct,1,16,16,12
k_16_alpha_3p0,16,3.0,1,0.6620689655172414,0.23275862068965517,0.6620689655172414,0.14940761268945305,direct_retraining_budgeted_logistic_active_budget,,0.6293103448275862,0.6913793103448276,0.0,-0.07142857142857131,1.0108698854188707,0.0,,Qwen2.5-Coder-7B-Instruct,1,16,16,
k_16_alpha_3p0,16,3.0,1,0.7120689655172414,0.18275862068965518,0.7120689655172414,0.059952987221737856,random_route_state_calibration,16,0.6723275862068965,0.7483620689655172,0.0,0.15873015873015905,1.4429644636680496,4.0,3.018635891186623,Qwen2.5-Coder-7B-Instruct,4,64,64,7
k_16_alpha_3p0,16,3.0,1,0.75,0.14482758620689656,0.75,0.08913151997542226,dataset_stratified_calibration,16,0.7126293103448276,0.7775862068965518,0.0,0.3333333333333335,1.5377647435609345,4.0,3.018635891186623,Qwen2.5-Coder-7B-Instruct,4,64,64,4
k_16_alpha_3p0,16,3.0,1,0.7362068965517241,0.15862068965517243,0.7362068965517241,0.08149181309308443,embedding_cluster_calibration,16,0.7024568965517242,0.7682327586206896,0.0,0.2698412698412699,1.5087253769494877,4.0,3.018635891186623,Qwen2.5-Coder-7B-Instruct,4,64,64,7
k_16_alpha_3p0,16,3.0,1,0.7551724137931034,0.1396551724137931,0.7551724137931034,0.09691129229472406,uniform_route_state_calibration,16,0.7196120689655173,0.7844827586206896,0.0,0.3571428571428571,1.5946138878372047,4.0,3.018635891186623,Qwen2.5-Coder-7B-Instruct,4,64,64,3
k_16_alpha_3p0,16,3.0,1,0.7620689655172413,0.13275862068965516,0.7620689655172413,0.08998968375443786,active_route_state_calibration,16,0.7256896551724138,0.7922844827586206,0.0,0.3888888888888889,1.4950110120520055,4.0,3.018635891186623,Qwen2.5-Coder-7B-Instruct,4,64,64,6
k_16_alpha_3p0,16,3.0,1,0.6620689655172414,0.23275862068965517,0.6620689655172414,0.15048907477294865,direct_retraining_budgeted_logistic_active_budget,,0.6293103448275862,0.6913793103448276,0.0,-0.07142857142857131,0.9910159813081294,0.0,,Qwen2.5-Coder-7B-Instruct,4,64,64,
k_16_alpha_3p0,16,3.0,1,0.753448275862069,0.1413793103448276,0.753448275862069,0.09211639768488504,random_route_state_calibration,16,0.7205172413793104,0.78375,0.0,0.3492063492063494,1.5836317406771758,4.0,3.018635891186623,Qwen2.5-Coder-7B-Instruct,8,128,128,5
k_16_alpha_3p0,16,3.0,1,0.7482758620689656,0.14655172413793102,0.7482758620689656,0.09703243098142321,dataset_stratified_calibration,16,0.7109051724137931,0.7776724137931034,0.0,0.3253968253968258,1.7441949243270374,4.0,3.018635891186623,Qwen2.5-Coder-7B-Instruct,8,128,128,1
k_16_alpha_3p0,16,3.0,1,0.7586206896551724,0.13620689655172413,0.7586206896551724,0.09684656037237313,embedding_cluster_calibration,16,0.7231465517241379,0.7879310344827586,0.0,0.373015873015873,1.4510019422539713,4.0,3.018635891186623,Qwen2.5-Coder-7B-Instruct,8,128,128,5
k_16_alpha_3p0,16,3.0,1,0.746551724137931,0.1482758620689655,0.746551724137931,0.08968613665513142,uniform_route_state_calibration,16,0.7092672413793104,0.7767672413793103,0.0,0.3174603174603176,1.4998910193124364,4.0,3.018635891186623,Qwen2.5-Coder-7B-Instruct,8,128,128,5
k_16_alpha_3p0,16,3.0,1,0.7034482758620689,0.19137931034482758,0.7034482758620689,0.04748901892565043,active_route_state_calibration,16,0.6689655172413793,0.7379310344827587,0.0,0.11904761904761904,1.3382193401101572,4.0,3.018635891186623,Qwen2.5-Coder-7B-Instruct,8,128,128,7
k_16_alpha_3p0,16,3.0,1,0.6603448275862069,0.23448275862068965,0.6603448275862069,0.14940612561765204,direct_retraining_budgeted_logistic_active_budget,,0.6284051724137931,0.6896551724137931,0.0,-0.07936507936507901,0.9839349371787077,0.0,,Qwen2.5-Coder-7B-Instruct,8,128,128,
k_16_alpha_3p0,16,3.0,1,0.7603448275862069,0.13448275862068965,0.7603448275862069,0.078463906155275,routecode_no_new_model,16,0.7275862068965517,0.7896551724137931,0.0,0.3809523809523812,1.6017061359483677,4.0,3.3445643854000178,DeepSeek-R1-Distill-Qwen-7B,0,0,0,
k_16_alpha_3p0,16,3.0,1,0.753448275862069,0.1413793103448276,0.753448275862069,0.076144799350937,random_route_state_calibration,16,0.7180603448275862,0.7836637931034482,0.0,0.3492063492063494,1.7710301685843328,4.0,3.3445643854000178,DeepSeek-R1-Distill-Qwen-7B,1,16,16,1
k_16_alpha_3p0,16,3.0,1,0.743103448275862,0.15172413793103448,0.743103448275862,0.09166533069521009,dataset_stratified_calibration,16,0.7102586206896552,0.7750431034482759,0.0,0.3015873015873017,1.7127677708562838,4.0,3.3445643854000178,DeepSeek-R1-Distill-Qwen-7B,1,16,16,1
k_16_alpha_3p0,16,3.0,1,0.7293103448275862,0.16551724137931034,0.7293103448275862,0.084532431172367,embedding_cluster_calibration,16,0.6901293103448276,0.7673275862068965,0.0,0.23809523809523808,1.9999736119300784,4.0,3.3445643854000178,DeepSeek-R1-Distill-Qwen-7B,1,16,16,3
k_16_alpha_3p0,16,3.0,1,0.7155172413793104,0.1793103448275862,0.7155172413793104,0.07766431559112803,uniform_route_state_calibration,16,0.6766810344827586,0.7544396551724137,0.0,0.17460317460317495,2.075206037865855,4.0,3.3445643854000178,DeepSeek-R1-Distill-Qwen-7B,1,16,16,4
k_16_alpha_3p0,16,3.0,1,0.6655172413793103,0.2293103448275862,0.6655172413793103,0.09998356583259156,active_route_state_calibration,16,0.6310344827586207,0.7035344827586206,0.0,-0.055555555555555414,1.5821345339458261,4.0,3.3445643854000178,DeepSeek-R1-Distill-Qwen-7B,1,16,16,6
k_16_alpha_3p0,16,3.0,1,0.6775862068965517,0.21724137931034482,0.6775862068965517,0.1497814699488603,direct_retraining_budgeted_logistic_active_budget,,0.6421120689655172,0.7112499999999999,0.0,0.0,1.063684117901536,0.0,,DeepSeek-R1-Distill-Qwen-7B,1,16,16,
k_16_alpha_3p0,16,3.0,1,0.7275862068965517,0.16724137931034483,0.7275862068965517,0.07984533055559202,random_route_state_calibration,16,0.6948275862068966,0.7620689655172413,0.0,0.23015873015873037,1.9836110822074682,4.0,3.3445643854000178,DeepSeek-R1-Distill-Qwen-7B,4,64,64,4
k_16_alpha_3p0,16,3.0,1,0.7603448275862069,0.13448275862068965,0.7603448275862069,0.078463906155275,dataset_stratified_calibration,16,0.7275862068965517,0.7896551724137931,0.0,0.3809523809523812,1.6017061359483677,4.0,3.3445643854000178,DeepSeek-R1-Distill-Qwen-7B,4,64,64,0
k_16_alpha_3p0,16,3.0,1,0.7396551724137931,0.15517241379310345,0.7396551724137931,0.08297361636752307,embedding_cluster_calibration,16,0.7007327586206896,0.7750431034482759,0.0,0.2857142857142858,1.8682618221728307,4.0,3.3445643854000178,DeepSeek-R1-Distill-Qwen-7B,4,64,64,3
k_16_alpha_3p0,16,3.0,1,0.6724137931034483,0.22241379310344828,0.6724137931034483,0.11377552629013826,uniform_route_state_calibration,16,0.6379310344827587,0.7078879310344827,0.0,-0.023809523809523604,1.8066773440707418,4.0,3.3445643854000178,DeepSeek-R1-Distill-Qwen-7B,4,64,64,5
k_16_alpha_3p0,16,3.0,1,0.7362068965517241,0.15862068965517243,0.7362068965517241,0.08679959930174345,active_route_state_calibration,16,0.7025431034482759,0.7672413793103449,0.0,0.2698412698412699,1.7828230684511717,4.0,3.3445643854000178,DeepSeek-R1-Distill-Qwen-7B,4,64,64,3
k_16_alpha_3p0,16,3.0,1,0.6775862068965517,0.21724137931034482,0.6775862068965517,0.1497814699488603,direct_retraining_budgeted_logistic_active_budget,,0.6421120689655172,0.7112499999999999,0.0,0.0,1.063684117901536,0.0,,DeepSeek-R1-Distill-Qwen-7B,4,64,64,
k_16_alpha_3p0,16,3.0,1,0.753448275862069,0.1413793103448276,0.753448275862069,0.076144799350937,random_route_state_calibration,16,0.7180603448275862,0.7836637931034482,0.0,0.3492063492063494,1.7710301685843328,4.0,3.3445643854000178,DeepSeek-R1-Distill-Qwen-7B,8,128,128,1
k_16_alpha_3p0,16,3.0,1,0.7362068965517241,0.15862068965517243,0.7362068965517241,0.09051592119255716,dataset_stratified_calibration,16,0.6936637931034483,0.7716810344827586,0.0,0.2698412698412699,1.9408218830667856,4.0,3.3445643854000178,DeepSeek-R1-Distill-Qwen-7B,8,128,128,2
k_16_alpha_3p0,16,3.0,1,0.7586206896551724,0.13620689655172413,0.7586206896551724,0.08178898648197493,embedding_cluster_calibration,16,0.7248706896551724,0.7879310344827586,0.0,0.373015873015873,1.7517606037799225,4.0,3.3445643854000178,DeepSeek-R1-Distill-Qwen-7B,8,128,128,2
k_16_alpha_3p0,16,3.0,1,0.7189655172413794,0.17586206896551723,0.7189655172413794,0.10371734573249224,uniform_route_state_calibration,16,0.678146551724138,0.7518103448275861,0.0,0.19047619047619085,1.7780147030815132,4.0,3.3445643854000178,DeepSeek-R1-Distill-Qwen-7B,8,128,128,3
k_16_alpha_3p0,16,3.0,1,0.6896551724137931,0.20517241379310344,0.6896551724137931,0.10645590569370966,active_route_state_calibration,16,0.6586206896551724,0.7189655172413794,0.0,0.05555555555555593,1.9340637307965465,4.0,3.3445643854000178,DeepSeek-R1-Distill-Qwen-7B,8,128,128,2
k_16_alpha_3p0,16,3.0,1,0.6775862068965517,0.21724137931034482,0.6775862068965517,0.14780778731613434,direct_retraining_budgeted_logistic_active_budget,,0.6438362068965517,0.7095258620689655,0.0,0.0,1.1001687143541428,0.0,,DeepSeek-R1-Distill-Qwen-7B,8,128,128,
k_32_alpha_3p0,32,3.0,0,0.7413793103448276,0.15862068965517243,0.7413793103448276,0.030367360034467824,routecode_no_new_model,32,0.7137068965517241,0.7689655172413793,0.0,0.2868217054263568,1.3681733960491638,5.0,3.9402932867203644,Qwen3-8B,0,0,0,
k_32_alpha_3p0,32,3.0,0,0.6689655172413793,0.23103448275862068,0.6689655172413793,0.08548695900944601,random_route_state_calibration,32,0.6310344827586207,0.7035344827586206,0.0,-0.03875968992248044,1.6862414058854065,5.0,3.9402932867203644,Qwen3-8B,1,32,32,7
k_32_alpha_3p0,32,3.0,0,0.7586206896551724,0.1413793103448276,0.7586206896551724,0.07322162293060089,dataset_stratified_calibration,32,0.7258620689655172,0.7879310344827586,0.0,0.3643410852713177,1.7984788948918706,5.0,3.9402932867203644,Qwen3-8B,1,32,32,7
k_32_alpha_3p0,32,3.0,0,0.7241379310344828,0.17586206896551723,0.7241379310344828,0.07742944343798586,embedding_cluster_calibration,32,0.692198275862069,0.753448275862069,0.0,0.20930232558139547,1.8699064969513104,5.0,3.9402932867203644,Qwen3-8B,1,32,32,8
k_32_alpha_3p0,32,3.0,0,0.7120689655172414,0.1879310344827586,0.7120689655172414,0.10853966153200932,uniform_route_state_calibration,32,0.6782327586206897,0.7475431034482758,0.0,0.15503875968992276,1.4708099803891623,5.0,3.9402932867203644,Qwen3-8B,1,32,32,17
k_32_alpha_3p0,32,3.0,0,0.6844827586206896,0.21551724137931033,0.6844827586206896,0.11425791769651994,active_route_state_calibration,32,0.6481896551724138,0.7148706896551723,0.0,0.03100775193798455,1.3601308580249953,5.0,3.9402932867203644,Qwen3-8B,1,32,32,18
k_32_alpha_3p0,32,3.0,0,0.603448275862069,0.296551724137931,0.603448275862069,0.2907157581611941,direct_retraining_budgeted_logistic_active_budget,,0.5697844827586207,0.6423706896551723,0.0,-0.33333333333333315,1.2122059800763285,0.0,,Qwen3-8B,1,32,32,
k_32_alpha_3p0,32,3.0,0,0.746551724137931,0.15344827586206897,0.746551724137931,0.08863414029535256,random_route_state_calibration,32,0.7155172413793104,0.7741379310344828,0.0,0.310077519379845,1.7206304468346012,5.0,3.9402932867203644,Qwen3-8B,4,125,125,6
k_32_alpha_3p0,32,3.0,0,0.696551724137931,0.20344827586206896,0.696551724137931,0.1406010047015171,dataset_stratified_calibration,32,0.6576293103448276,0.7276724137931033,0.0,0.08527131782945727,0.9539148827226753,5.0,3.9402932867203644,Qwen3-8B,4,125,125,18
k_32_alpha_3p0,32,3.0,0,0.7517241379310344,0.1482758620689655,0.7517241379310344,0.08092588072759878,embedding_cluster_calibration,32,0.7189655172413794,0.7819396551724137,0.0,0.33333333333333315,1.871021533616235,5.0,3.9402932867203644,Qwen3-8B,4,125,125,9
k_32_alpha_3p0,32,3.0,0,0.7603448275862069,0.1396551724137931,0.7603448275862069,0.0645046692418254,uniform_route_state_calibration,32,0.7318534482758621,0.7897413793103447,0.0,0.3720930232558141,1.7267185961679963,5.0,3.9402932867203644,Qwen3-8B,4,125,125,10
k_32_alpha_3p0,32,3.0,0,0.6810344827586207,0.2189655172413793,0.6810344827586207,0.08791444873382918,active_route_state_calibration,32,0.6517241379310345,0.7068965517241379,0.0,0.015503875968992276,1.7791659698820053,5.0,3.9402932867203644,Qwen3-8B,4,125,125,10
k_32_alpha_3p0,32,3.0,0,0.603448275862069,0.296551724137931,0.603448275862069,0.28627423989464035,direct_retraining_budgeted_logistic_active_budget,,0.5680603448275862,0.6405603448275862,0.0,-0.33333333333333315,1.240714130444112,0.0,,Qwen3-8B,4,125,125,
k_32_alpha_3p0,32,3.0,0,0.7224137931034482,0.17758620689655172,0.7224137931034482,0.09987394899566127,random_route_state_calibration,32,0.6948275862068966,0.7551724137931034,0.0,0.20155038759689908,1.5361217910670615,5.0,3.9402932867203644,Qwen3-8B,8,242,242,12
k_32_alpha_3p0,32,3.0,0,0.7396551724137931,0.16034482758620688,0.7396551724137931,0.07651418839146536,dataset_stratified_calibration,32,0.7094396551724138,0.769051724137931,0.0,0.27906976744186046,1.829501295060545,5.0,3.9402932867203644,Qwen3-8B,8,242,242,11
k_32_alpha_3p0,32,3.0,0,0.743103448275862,0.15689655172413794,0.743103448275862,0.08429331753556307,embedding_cluster_calibration,32,0.7137068965517241,0.7724137931034483,0.0,0.29457364341085274,1.6927581269188132,5.0,3.9402932867203644,Qwen3-8B,8,242,242,7
k_32_alpha_3p0,32,3.0,0,0.756896551724138,0.14310344827586208,0.756896551724138,0.08983354321908585,uniform_route_state_calibration,32,0.7292241379310345,0.7862068965517242,0.0,0.35658914728682184,1.7209509882148573,5.0,3.9402932867203644,Qwen3-8B,8,242,242,17
k_32_alpha_3p0,32,3.0,0,0.743103448275862,0.15689655172413794,0.743103448275862,0.08706192450911736,active_route_state_calibration,32,0.7120689655172414,0.7733189655172413,0.0,0.29457364341085274,1.7544161274981824,5.0,3.9402932867203644,Qwen3-8B,8,242,242,16
k_32_alpha_3p0,32,3.0,0,0.603448275862069,0.296551724137931,0.603448275862069,0.28627423989464035,direct_retraining_budgeted_logistic_active_budget,,0.5680603448275862,0.6405603448275862,0.0,-0.33333333333333315,1.240714130444112,0.0,,Qwen3-8B,8,242,242,
k_32_alpha_3p0,32,3.0,0,0.6844827586206896,0.21551724137931033,0.6844827586206896,0.09568286396462151,routecode_no_new_model,32,0.6464655172413792,0.7198706896551724,0.0,0.03100775193798455,1.3485825087792722,5.0,3.996775942302631,Qwen2.5-Coder-7B-Instruct,0,0,0,
k_32_alpha_3p0,32,3.0,0,0.656896551724138,0.24310344827586206,0.656896551724138,0.06127186373582889,random_route_state_calibration,32,0.6197844827586206,0.6957327586206896,0.0,-0.09302325581395315,1.8668980135613178,5.0,3.996775942302631,Qwen2.5-Coder-7B-Instruct,1,32,32,7
k_32_alpha_3p0,32,3.0,0,0.7275862068965517,0.1724137931034483,0.7275862068965517,0.09298669450374333,dataset_stratified_calibration,32,0.6948275862068966,0.76125,0.0,0.22480620155038775,1.554417045286568,5.0,3.996775942302631,Qwen2.5-Coder-7B-Instruct,1,32,32,4
k_32_alpha_3p0,32,3.0,0,0.7189655172413794,0.1810344827586207,0.7189655172413794,0.0923752291268714,embedding_cluster_calibration,32,0.6825862068965518,0.757801724137931,0.0,0.1860465116279073,1.6388697001581454,5.0,3.996775942302631,Qwen2.5-Coder-7B-Instruct,1,32,32,4
k_32_alpha_3p0,32,3.0,0,0.6396551724137931,0.2603448275862069,0.6396551724137931,0.02479673433811124,uniform_route_state_calibration,32,0.6103448275862069,0.6758620689655173,0.0,-0.17054263565891453,1.2575950847789832,5.0,3.996775942302631,Qwen2.5-Coder-7B-Instruct,1,32,32,15
k_32_alpha_3p0,32,3.0,0,0.6741379310344827,0.22586206896551725,0.6741379310344827,0.041317637927787844,active_route_state_calibration,32,0.6413793103448275,0.7095258620689655,0.0,-0.015503875968992276,1.207608492789102,5.0,3.996775942302631,Qwen2.5-Coder-7B-Instruct,1,32,32,16
k_32_alpha_3p0,32,3.0,0,0.6413793103448275,0.25862068965517243,0.6413793103448275,0.15674706112201575,direct_retraining_budgeted_logistic_active_budget,,0.6033620689655173,0.6802155172413793,0.0,-0.16279069767441864,1.0303303640855987,0.0,,Qwen2.5-Coder-7B-Instruct,1,32,32,
k_32_alpha_3p0,32,3.0,0,0.7137931034482758,0.18620689655172415,0.7137931034482758,0.08559953454635454,random_route_state_calibration,32,0.6793103448275862,0.752801724137931,0.0,0.16279069767441864,1.6466205954192052,5.0,3.996775942302631,Qwen2.5-Coder-7B-Instruct,4,123,123,7
k_32_alpha_3p0,32,3.0,0,0.7293103448275862,0.1706896551724138,0.7293103448275862,0.08044437531010186,dataset_stratified_calibration,32,0.7008189655172413,0.7691379310344827,0.0,0.23255813953488363,1.6545023445539342,5.0,3.996775942302631,Qwen2.5-Coder-7B-Instruct,4,123,123,8
k_32_alpha_3p0,32,3.0,0,0.7362068965517241,0.16379310344827586,0.7362068965517241,0.07796208229584072,embedding_cluster_calibration,32,0.7086206896551724,0.7776724137931034,0.0,0.2635658914728682,1.5704578271828895,5.0,3.996775942302631,Qwen2.5-Coder-7B-Instruct,4,123,123,9
k_32_alpha_3p0,32,3.0,0,0.6706896551724137,0.2293103448275862,0.6706896551724137,0.06333862459326277,uniform_route_state_calibration,32,0.6379310344827587,0.7,0.0,-0.03100775193798455,1.482417083370136,5.0,3.996775942302631,Qwen2.5-Coder-7B-Instruct,4,123,123,11
k_32_alpha_3p0,32,3.0,0,0.7017241379310345,0.19827586206896552,0.7017241379310345,0.08469060968469007,active_route_state_calibration,32,0.6724137931034483,0.7396551724137931,0.0,0.10852713178294593,1.532392907882055,5.0,3.996775942302631,Qwen2.5-Coder-7B-Instruct,4,123,123,9
k_32_alpha_3p0,32,3.0,0,0.6379310344827587,0.2620689655172414,0.6379310344827587,0.15732223784429164,direct_retraining_budgeted_logistic_active_budget,,0.5990948275862069,0.676853448275862,0.0,-0.17829457364341042,1.0171993916932096,0.0,,Qwen2.5-Coder-7B-Instruct,4,123,123,
k_32_alpha_3p0,32,3.0,0,0.7344827586206897,0.16551724137931034,0.7344827586206897,0.08033109658907957,random_route_state_calibration,32,0.7025431034482759,0.7707758620689654,0.0,0.25581395348837227,1.4661939388625662,5.0,3.996775942302631,Qwen2.5-Coder-7B-Instruct,8,235,235,12
k_32_alpha_3p0,32,3.0,0,0.743103448275862,0.15689655172413794,0.743103448275862,0.08314725805940279,dataset_stratified_calibration,32,0.7083620689655172,0.7758620689655172,0.0,0.29457364341085274,1.5349460563102533,5.0,3.996775942302631,Qwen2.5-Coder-7B-Instruct,8,235,235,9
k_32_alpha_3p0,32,3.0,0,0.7327586206896551,0.16724137931034483,0.7327586206896551,0.08178444102974261,embedding_cluster_calibration,32,0.7025431034482759,0.7681465517241379,0.0,0.2480620155038759,1.4733706236473663,5.0,3.996775942302631,Qwen2.5-Coder-7B-Instruct,8,235,235,11
k_32_alpha_3p0,32,3.0,0,0.7327586206896551,0.16724137931034483,0.7327586206896551,0.09181767784236679,uniform_route_state_calibration,32,0.7017241379310345,0.7672413793103449,0.0,0.2480620155038759,1.3657425662648528,5.0,3.996775942302631,Qwen2.5-Coder-7B-Instruct,8,235,235,8
k_32_alpha_3p0,32,3.0,0,0.7310344827586207,0.16896551724137931,0.7310344827586207,0.07722531837128652,active_route_state_calibration,32,0.7,0.7681465517241379,0.0,0.24031007751938002,1.7282654370778292,5.0,3.996775942302631,Qwen2.5-Coder-7B-Instruct,8,235,235,9
k_32_alpha_3p0,32,3.0,0,0.6379310344827587,0.2620689655172414,0.6379310344827587,0.15530941017710972,direct_retraining_budgeted_logistic_active_budget,,0.5981896551724137,0.6767672413793103,0.0,-0.17829457364341042,1.0754074918607788,0.0,,Qwen2.5-Coder-7B-Instruct,8,235,235,
k_32_alpha_3p0,32,3.0,0,0.7586206896551724,0.1413793103448276,0.7586206896551724,0.06015989780339947,routecode_no_new_model,32,0.7257758620689655,0.7932758620689655,0.0,0.3643410852713177,1.6135207259597322,5.0,4.084711170798366,DeepSeek-R1-Distill-Qwen-7B,0,0,0,
k_32_alpha_3p0,32,3.0,0,0.7103448275862069,0.1896551724137931,0.7103448275862069,0.08697467658687158,random_route_state_calibration,32,0.6792241379310344,0.7509051724137931,0.0,0.14728682170542637,1.6965871473909537,5.0,4.084711170798366,DeepSeek-R1-Distill-Qwen-7B,1,32,32,10
k_32_alpha_3p0,32,3.0,0,0.7068965517241379,0.19310344827586207,0.7068965517241379,0.0833972864197613,dataset_stratified_calibration,32,0.6758620689655173,0.7474568965517241,0.0,0.1317829457364341,1.8586596905604345,5.0,4.084711170798366,DeepSeek-R1-Distill-Qwen-7B,1,32,32,5
k_32_alpha_3p0,32,3.0,0,0.7068965517241379,0.19310344827586207,0.7068965517241379,0.08472433616707731,embedding_cluster_calibration,32,0.6705172413793103,0.7457327586206897,0.0,0.1317829457364341,1.8432326026783785,5.0,4.084711170798366,DeepSeek-R1-Distill-Qwen-7B,1,32,32,9
k_32_alpha_3p0,32,3.0,0,0.6396551724137931,0.2603448275862069,0.6396551724137931,0.11225159897039401,uniform_route_state_calibration,32,0.6094396551724138,0.6775862068965517,0.0,-0.17054263565891453,1.0539427164302289,5.0,4.084711170798366,DeepSeek-R1-Distill-Qwen-7B,1,32,32,25
k_32_alpha_3p0,32,3.0,0,0.6913793103448276,0.20862068965517241,0.6913793103448276,0.08097924900242154,active_route_state_calibration,32,0.6585344827586207,0.7284913793103448,0.0,0.0620155038759691,1.9819410470387993,5.0,4.084711170798366,DeepSeek-R1-Distill-Qwen-7B,1,32,32,13
k_32_alpha_3p0,32,3.0,0,0.6586206896551724,0.2413793103448276,0.6586206896551724,0.1455377704594681,direct_retraining_budgeted_logistic_active_budget,,0.6197844827586206,0.6949137931034483,0.0,-0.08527131782945727,1.1964420030587677,0.0,,DeepSeek-R1-Distill-Qwen-7B,1,32,32,
k_32_alpha_3p0,32,3.0,0,0.7120689655172414,0.1879310344827586,0.7120689655172414,0.07785549318186373,random_route_state_calibration,32,0.6817672413793103,0.7483620689655172,0.0,0.15503875968992276,2.0442317177861984,5.0,4.084711170798366,DeepSeek-R1-Distill-Qwen-7B,4,123,123,10
k_32_alpha_3p0,32,3.0,0,0.746551724137931,0.15344827586206897,0.746551724137931,0.05990747418634406,dataset_stratified_calibration,32,0.7154310344827586,0.7819396551724137,0.0,0.310077519379845,1.888712959047929,5.0,4.084711170798366,DeepSeek-R1-Distill-Qwen-7B,4,123,123,5
k_32_alpha_3p0,32,3.0,0,0.7482758620689656,0.15172413793103448,0.7482758620689656,0.06501898215149875,embedding_cluster_calibration,32,0.7170689655172414,0.7845689655172413,0.0,0.3178294573643414,1.8746296336778907,5.0,4.084711170798366,DeepSeek-R1-Distill-Qwen-7B,4,123,123,9
k_32_alpha_3p0,32,3.0,0,0.7,0.2,0.7,0.06580820567352277,uniform_route_state_calibration,32,0.6689655172413793,0.7353879310344827,0.0,0.10077519379844954,1.9315786775125914,5.0,4.084711170798366,DeepSeek-R1-Distill-Qwen-7B,4,123,123,6
k_32_alpha_3p0,32,3.0,0,0.6862068965517242,0.21379310344827587,0.6862068965517242,0.08910474578614673,active_route_state_calibration,32,0.6480172413793104,0.7206896551724138,0.0,0.03875968992248094,1.8943029781582026,5.0,4.084711170798366,DeepSeek-R1-Distill-Qwen-7B,4,123,123,9
k_32_alpha_3p0,32,3.0,0,0.6586206896551724,0.2413793103448276,0.6586206896551724,0.1455377704594681,direct_retraining_budgeted_logistic_active_budget,,0.6197844827586206,0.6949137931034483,0.0,-0.08527131782945727,1.1964420030587677,0.0,,DeepSeek-R1-Distill-Qwen-7B,4,123,123,
k_32_alpha_3p0,32,3.0,0,0.7482758620689656,0.15172413793103448,0.7482758620689656,0.060239553552569325,random_route_state_calibration,32,0.7120689655172414,0.7871120689655172,0.0,0.3178294573643414,1.8931236023316125,5.0,4.084711170798366,DeepSeek-R1-Distill-Qwen-7B,8,243,243,8
k_32_alpha_3p0,32,3.0,0,0.7327586206896551,0.16724137931034483,0.7327586206896551,0.058614895738917934,dataset_stratified_calibration,32,0.7008189655172413,0.7672413793103449,0.0,0.2480620155038759,1.8396238127553417,5.0,4.084711170798366,DeepSeek-R1-Distill-Qwen-7B,8,243,243,6
k_32_alpha_3p0,32,3.0,0,0.7448275862068966,0.15517241379310345,0.7448275862068966,0.060736315506221744,embedding_cluster_calibration,32,0.7155172413793104,0.7802155172413793,0.0,0.3023255813953491,1.85931168153631,5.0,4.084711170798366,DeepSeek-R1-Distill-Qwen-7B,8,243,243,7
k_32_alpha_3p0,32,3.0,0,0.7413793103448276,0.15862068965517243,0.7413793103448276,0.06673718942542475,uniform_route_state_calibration,32,0.7119827586206896,0.7793965517241379,0.0,0.2868217054263568,1.9114767050450778,5.0,4.084711170798366,DeepSeek-R1-Distill-Qwen-7B,8,243,243,4
k_32_alpha_3p0,32,3.0,0,0.7517241379310344,0.1482758620689655,0.7517241379310344,0.058022337267879455,active_route_state_calibration,32,0.7187931034482758,0.7880172413793103,0.0,0.33333333333333315,1.7077732236263317,5.0,4.084711170798366,DeepSeek-R1-Distill-Qwen-7B,8,243,243,3
k_32_alpha_3p0,32,3.0,0,0.6603448275862069,0.2396551724137931,0.6603448275862069,0.14714350379723218,direct_retraining_budgeted_logistic_active_budget,,0.6214224137931035,0.6957327586206896,0.0,-0.07751937984496088,1.208985500635724,0.0,,DeepSeek-R1-Distill-Qwen-7B,8,243,243,
k_32_alpha_3p0,32,3.0,1,0.7310344827586207,0.16379310344827586,0.7310344827586207,0.04525630587565364,routecode_no_new_model,32,0.6990948275862069,0.7629741379310344,0.0,0.24603174603174627,1.4019001288781743,5.0,4.033612609817073,Qwen3-8B,0,0,0,
k_32_alpha_3p0,32,3.0,1,0.7241379310344828,0.1706896551724138,0.7241379310344828,0.10036371240517121,random_route_state_calibration,32,0.6896551724137931,0.7603448275862069,0.0,0.21428571428571447,1.8510335231711121,5.0,4.033612609817073,Qwen3-8B,1,32,32,8
k_32_alpha_3p0,32,3.0,1,0.7482758620689656,0.14655172413793102,0.7482758620689656,0.07821955742146364,dataset_stratified_calibration,32,0.7197844827586207,0.7811206896551723,0.0,0.3253968253968258,1.7703511998205221,5.0,4.033612609817073,Qwen3-8B,1,32,32,5
k_32_alpha_3p0,32,3.0,1,0.7327586206896551,0.16206896551724137,0.7327586206896551,0.09793499305720008,embedding_cluster_calibration,32,0.6981034482758621,0.7655172413793103,0.0,0.25396825396825395,1.9271314880008603,5.0,4.033612609817073,Qwen3-8B,1,32,32,6
k_32_alpha_3p0,32,3.0,1,0.7293103448275862,0.16551724137931034,0.7293103448275862,0.13668319793545852,uniform_route_state_calibration,32,0.6947413793103449,0.7561637931034482,0.0,0.23809523809523808,0.9467572771947897,5.0,4.033612609817073,Qwen3-8B,1,32,32,18
k_32_alpha_3p0,32,3.0,1,0.696551724137931,0.19827586206896552,0.696551724137931,0.08263997267637305,active_route_state_calibration,32,0.6637068965517241,0.7310344827586207,0.0,0.08730158730158723,1.7097571273601935,5.0,4.033612609817073,Qwen3-8B,1,32,32,13
k_32_alpha_3p0,32,3.0,1,0.5793103448275863,0.31551724137931036,0.5793103448275863,0.30597985253716337,direct_retraining_budgeted_logistic_active_budget,,0.5439224137931035,0.6120689655172413,0.0,-0.45238095238095205,1.0522957361347007,0.0,,Qwen3-8B,1,32,32,
k_32_alpha_3p0,32,3.0,1,0.7258620689655172,0.16896551724137931,0.7258620689655172,0.11337149529751528,random_route_state_calibration,32,0.6913793103448276,0.756896551724138,0.0,0.22222222222222215,1.3683533809973554,5.0,4.033612609817073,Qwen3-8B,4,124,124,13
k_32_alpha_3p0,32,3.0,1,0.7637931034482759,0.1310344827586207,0.7637931034482759,0.060816346204857576,dataset_stratified_calibration,32,0.7282327586206897,0.7940086206896552,0.0,0.39682539682539714,1.7487747887320997,5.0,4.033612609817073,Qwen3-8B,4,124,124,10
k_32_alpha_3p0,32,3.0,1,0.7120689655172414,0.18275862068965518,0.7120689655172414,0.08504664028472464,embedding_cluster_calibration,32,0.6775,0.7474568965517241,0.0,0.15873015873015905,1.8996369657896273,5.0,4.033612609817073,Qwen3-8B,4,124,124,6
k_32_alpha_3p0,32,3.0,1,0.7241379310344828,0.1706896551724138,0.7241379310344828,0.10878750405393185,uniform_route_state_calibration,32,0.6850431034482759,0.7595258620689654,0.0,0.21428571428571447,1.8400931057459995,5.0,4.033612609817073,Qwen3-8B,4,124,124,11
k_32_alpha_3p0,32,3.0,1,0.7344827586206897,0.16034482758620688,0.7344827586206897,0.09432152391085417,active_route_state_calibration,32,0.6999137931034483,0.7620689655172413,0.0,0.2619047619047622,1.746858633106854,5.0,4.033612609817073,Qwen3-8B,4,124,124,13
k_32_alpha_3p0,32,3.0,1,0.5793103448275863,0.31551724137931036,0.5793103448275863,0.30597985253716337,direct_retraining_budgeted_logistic_active_budget,,0.5439224137931035,0.6120689655172413,0.0,-0.45238095238095205,1.0522957361347007,0.0,,Qwen3-8B,4,124,124,
k_32_alpha_3p0,32,3.0,1,0.7275862068965517,0.16724137931034483,0.7275862068965517,0.09865989626119899,random_route_state_calibration,32,0.6956465517241379,0.7603448275862069,0.0,0.23015873015873037,1.8200693588789667,5.0,4.033612609817073,Qwen3-8B,8,244,244,10
k_32_alpha_3p0,32,3.0,1,0.7379310344827587,0.15689655172413794,0.7379310344827587,0.04435805149631116,dataset_stratified_calibration,32,0.7016379310344827,0.7775862068965518,0.0,0.27777777777777807,1.5983576677631894,5.0,4.033612609817073,Qwen3-8B,8,244,244,9
k_32_alpha_3p0,32,3.0,1,0.746551724137931,0.1482758620689655,0.746551724137931,0.07948655558013717,embedding_cluster_calibration,32,0.7145258620689655,0.7810344827586206,0.0,0.3174603174603176,1.6923671886552618,5.0,4.033612609817073,Qwen3-8B,8,244,244,11
k_32_alpha_3p0,32,3.0,1,0.7362068965517241,0.15862068965517243,0.7362068965517241,0.10414086103183413,uniform_route_state_calibration,32,0.7025431034482759,0.7698706896551724,0.0,0.2698412698412699,1.7931173097970534,5.0,4.033612609817073,Qwen3-8B,8,244,244,8
k_32_alpha_3p0,32,3.0,1,0.7517241379310344,0.14310344827586208,0.7517241379310344,0.08105980345936428,active_route_state_calibration,32,0.7197844827586207,0.7836637931034482,0.0,0.3412698412698412,1.749791244694924,5.0,4.033612609817073,Qwen3-8B,8,244,244,9
k_32_alpha_3p0,32,3.0,1,0.5810344827586207,0.3137931034482759,0.5810344827586207,0.30578851978431,direct_retraining_budgeted_logistic_active_budget,,0.5439224137931035,0.6155172413793103,0.0,-0.4444444444444443,1.0614456928674625,0.0,,Qwen3-8B,8,244,244,
k_32_alpha_3p0,32,3.0,1,0.6724137931034483,0.22241379310344828,0.6724137931034483,0.0957691631045555,routecode_no_new_model,32,0.6344827586206897,0.7060775862068965,0.0,-0.023809523809523604,1.6383218035851796,5.0,3.780458885768131,Qwen2.5-Coder-7B-Instruct,0,0,0,
k_32_alpha_3p0,32,3.0,1,0.6327586206896552,0.2620689655172414,0.6327586206896552,0.0780298904639866,random_route_state_calibration,32,0.5903879310344827,0.6682327586206895,0.0,-0.20634920634920625,1.7290449321576036,5.0,3.780458885768131,Qwen2.5-Coder-7B-Instruct,1,32,32,8
k_32_alpha_3p0,32,3.0,1,0.6879310344827586,0.20689655172413793,0.6879310344827586,0.0932924942834805,dataset_stratified_calibration,32,0.6525431034482758,0.7181465517241379,0.0,0.047619047619047714,1.9266029111253542,5.0,3.780458885768131,Qwen2.5-Coder-7B-Instruct,1,32,32,4
k_32_alpha_3p0,32,3.0,1,0.7275862068965517,0.16724137931034483,0.7275862068965517,0.07287948640282486,embedding_cluster_calibration,32,0.6982758620689655,0.76125,0.0,0.23015873015873037,1.7359029870564915,5.0,3.780458885768131,Qwen2.5-Coder-7B-Instruct,1,32,32,6
k_32_alpha_3p0,32,3.0,1,0.6741379310344827,0.2206896551724138,0.6741379310344827,0.06733435528593985,uniform_route_state_calibration,32,0.6317672413793104,0.7129741379310345,0.0,-0.015873015873015907,1.405317730451543,5.0,3.780458885768131,Qwen2.5-Coder-7B-Instruct,1,32,32,18
k_32_alpha_3p0,32,3.0,1,0.6206896551724138,0.27413793103448275,0.6206896551724138,0.030917024326401883,active_route_state_calibration,32,0.5783189655172414,0.6603448275862069,0.0,-0.2619047619047617,0.6691935879114154,5.0,3.780458885768131,Qwen2.5-Coder-7B-Instruct,1,32,32,20
k_32_alpha_3p0,32,3.0,1,0.6620689655172414,0.23275862068965517,0.6620689655172414,0.15048907477294865,direct_retraining_budgeted_logistic_active_budget,,0.6293103448275862,0.6913793103448276,0.0,-0.07142857142857131,0.9910159813081294,0.0,,Qwen2.5-Coder-7B-Instruct,1,32,32,
k_32_alpha_3p0,32,3.0,1,0.7379310344827587,0.15689655172413794,0.7379310344827587,0.08037396892345297,random_route_state_calibration,32,0.7042672413793103,0.7664224137931034,0.0,0.27777777777777807,1.8095707199452826,5.0,3.780458885768131,Qwen2.5-Coder-7B-Instruct,4,123,123,12
k_32_alpha_3p0,32,3.0,1,0.6706896551724137,0.22413793103448276,0.6706896551724137,0.06600485581261684,dataset_stratified_calibration,32,0.6334913793103448,0.7051724137931035,0.0,-0.031746031746031814,1.7932462058664642,5.0,3.780458885768131,Qwen2.5-Coder-7B-Instruct,4,123,123,11
k_32_alpha_3p0,32,3.0,1,0.7344827586206897,0.16034482758620688,0.7344827586206897,0.08088408037776591,embedding_cluster_calibration,32,0.7007327586206896,0.7665086206896551,0.0,0.2619047619047622,1.6699206135784723,5.0,3.780458885768131,Qwen2.5-Coder-7B-Instruct,4,123,123,13
k_32_alpha_3p0,32,3.0,1,0.6896551724137931,0.20517241379310344,0.6896551724137931,0.08872847616323182,uniform_route_state_calibration,32,0.646551724137931,0.7276724137931033,0.0,0.05555555555555593,1.4804951079286248,5.0,3.780458885768131,Qwen2.5-Coder-7B-Instruct,4,123,123,11
k_32_alpha_3p0,32,3.0,1,0.6172413793103448,0.2775862068965517,0.6172413793103448,0.061056942125472066,active_route_state_calibration,32,0.5835775862068966,0.6483620689655172,0.0,-0.27777777777777757,1.6075292632175908,5.0,3.780458885768131,Qwen2.5-Coder-7B-Instruct,4,123,123,10
k_32_alpha_3p0,32,3.0,1,0.6620689655172414,0.23275862068965517,0.6620689655172414,0.14937133371307235,direct_retraining_budgeted_logistic_active_budget,,0.6293103448275862,0.6913793103448276,0.0,-0.07142857142857131,1.0098147500617989,0.0,,Qwen2.5-Coder-7B-Instruct,4,123,123,
k_32_alpha_3p0,32,3.0,1,0.7362068965517241,0.15862068965517243,0.7362068965517241,0.0921459103700046,random_route_state_calibration,32,0.7077155172413793,0.7725862068965517,0.0,0.2698412698412699,1.654572895330662,5.0,3.780458885768131,Qwen2.5-Coder-7B-Instruct,8,235,235,9
k_32_alpha_3p0,32,3.0,1,0.7379310344827587,0.15689655172413794,0.7379310344827587,0.09077569170873673,dataset_stratified_calibration,32,0.7059913793103448,0.7717672413793103,0.0,0.27777777777777807,1.7280826300160153,5.0,3.780458885768131,Qwen2.5-Coder-7B-Instruct,8,235,235,10
k_32_alpha_3p0,32,3.0,1,0.646551724137931,0.2482758620689655,0.646551724137931,0.06253463284823525,embedding_cluster_calibration,32,0.6102586206896552,0.6802155172413793,0.0,-0.14285714285714263,2.0697154422914954,5.0,3.780458885768131,Qwen2.5-Coder-7B-Instruct,8,235,235,13
k_32_alpha_3p0,32,3.0,1,0.7362068965517241,0.15862068965517243,0.7362068965517241,0.07964522774523719,uniform_route_state_calibration,32,0.7068965517241379,0.7664224137931034,0.0,0.2698412698412699,1.829674855659966,5.0,3.780458885768131,Qwen2.5-Coder-7B-Instruct,8,235,235,9
k_32_alpha_3p0,32,3.0,1,0.753448275862069,0.1413793103448276,0.753448275862069,0.0893248549669641,active_route_state_calibration,32,0.7249568965517241,0.7836637931034482,0.0,0.3492063492063494,1.7145215439188601,5.0,3.780458885768131,Qwen2.5-Coder-7B-Instruct,8,235,235,9
k_32_alpha_3p0,32,3.0,1,0.6655172413793103,0.2293103448275862,0.6655172413793103,0.14927598583122242,direct_retraining_budgeted_logistic_active_budget,,0.6327586206896552,0.6966379310344827,0.0,-0.055555555555555414,1.0145645561000118,0.0,,Qwen2.5-Coder-7B-Instruct,8,235,235,
k_32_alpha_3p0,32,3.0,1,0.7448275862068966,0.15,0.7448275862068966,0.06871027515288759,routecode_no_new_model,32,0.7086206896551724,0.7767672413793103,0.0,0.3095238095238099,1.6547932401738743,5.0,3.9221365744370402,DeepSeek-R1-Distill-Qwen-7B,0,0,0,
k_32_alpha_3p0,32,3.0,1,0.6827586206896552,0.2120689655172414,0.6827586206896552,0.09155871711789774,random_route_state_calibration,32,0.6516379310344828,0.7200431034482758,0.0,0.023809523809524114,2.006352454103604,5.0,3.9221365744370402,DeepSeek-R1-Distill-Qwen-7B,1,32,32,8
k_32_alpha_3p0,32,3.0,1,0.7362068965517241,0.15862068965517243,0.7362068965517241,0.07128663086706134,dataset_stratified_calibration,32,0.7008189655172413,0.7637931034482759,0.0,0.2698412698412699,1.9028008621559387,5.0,3.9221365744370402,DeepSeek-R1-Distill-Qwen-7B,1,32,32,2
k_32_alpha_3p0,32,3.0,1,0.7172413793103448,0.17758620689655172,0.7172413793103448,0.09256373935729716,embedding_cluster_calibration,32,0.6834913793103449,0.7474568965517241,0.0,0.18253968253968267,1.8254734578230527,5.0,3.9221365744370402,DeepSeek-R1-Distill-Qwen-7B,1,32,32,5
k_32_alpha_3p0,32,3.0,1,0.6637931034482759,0.23103448275862068,0.6637931034482759,0.0893576717469014,uniform_route_state_calibration,32,0.6275,0.6991810344827586,0.0,-0.06349206349206311,1.5544162764297575,5.0,3.9221365744370402,DeepSeek-R1-Distill-Qwen-7B,1,32,32,16
k_32_alpha_3p0,32,3.0,1,0.6551724137931034,0.2396551724137931,0.6551724137931034,0.1071247355215681,active_route_state_calibration,32,0.6223275862068965,0.6940086206896552,0.0,-0.10317460317460313,1.4611755168489404,5.0,3.9221365744370402,DeepSeek-R1-Distill-Qwen-7B,1,32,32,17
k_32_alpha_3p0,32,3.0,1,0.6775862068965517,0.21724137931034482,0.6775862068965517,0.1497814699488603,direct_retraining_budgeted_logistic_active_budget,,0.6421120689655172,0.7112499999999999,0.0,0.0,1.063684117901536,0.0,,DeepSeek-R1-Distill-Qwen-7B,1,32,32,
k_32_alpha_3p0,32,3.0,1,0.6758620689655173,0.2189655172413793,0.6758620689655173,0.09976365678395015,random_route_state_calibration,32,0.65,0.7189655172413794,0.0,-0.007936507936507697,1.9137327945605076,5.0,3.9221365744370402,DeepSeek-R1-Distill-Qwen-7B,4,124,124,6
k_32_alpha_3p0,32,3.0,1,0.7327586206896551,0.16206896551724137,0.7327586206896551,0.06644590511675334,dataset_stratified_calibration,32,0.6981896551724137,0.7664224137931034,0.0,0.25396825396825395,1.8536550672433996,5.0,3.9221365744370402,DeepSeek-R1-Distill-Qwen-7B,4,124,124,7
k_32_alpha_3p0,32,3.0,1,0.7379310344827587,0.15689655172413794,0.7379310344827587,0.06165834161050049,embedding_cluster_calibration,32,0.7025431034482759,0.7698706896551724,0.0,0.27777777777777807,1.9438596582920604,5.0,3.9221365744370402,DeepSeek-R1-Distill-Qwen-7B,4,124,124,6
k_32_alpha_3p0,32,3.0,1,0.743103448275862,0.15172413793103448,0.743103448275862,0.06339529455653953,uniform_route_state_calibration,32,0.7085344827586206,0.7725,0.0,0.3015873015873017,1.9272292378163203,5.0,3.9221365744370402,DeepSeek-R1-Distill-Qwen-7B,4,124,124,3
k_32_alpha_3p0,32,3.0,1,0.653448275862069,0.2413793103448276,0.653448275862069,0.08887821749598984,active_route_state_calibration,32,0.6215086206896552,0.6940948275862068,0.0,-0.11111111111111083,2.044762538261886,5.0,3.9221365744370402,DeepSeek-R1-Distill-Qwen-7B,4,124,124,6
k_32_alpha_3p0,32,3.0,1,0.6775862068965517,0.21724137931034482,0.6775862068965517,0.1497814699488603,direct_retraining_budgeted_logistic_active_budget,,0.6421120689655172,0.7112499999999999,0.0,0.0,1.063684117901536,0.0,,DeepSeek-R1-Distill-Qwen-7B,4,124,124,
k_32_alpha_3p0,32,3.0,1,0.7396551724137931,0.15517241379310345,0.7396551724137931,0.06967176980012403,random_route_state_calibration,32,0.7017241379310345,0.7698706896551724,0.0,0.2857142857142858,1.7996645531655593,5.0,3.9221365744370402,DeepSeek-R1-Distill-Qwen-7B,8,240,240,6
k_32_alpha_3p0,32,3.0,1,0.7293103448275862,0.16551724137931034,0.7293103448275862,0.0783024084009975,dataset_stratified_calibration,32,0.696551724137931,0.76125,0.0,0.23809523809523808,1.9771277882942109,5.0,3.9221365744370402,DeepSeek-R1-Distill-Qwen-7B,8,240,240,9
k_32_alpha_3p0,32,3.0,1,0.7379310344827587,0.15689655172413794,0.7379310344827587,0.06789803416745646,embedding_cluster_calibration,32,0.7017241379310345,0.7715948275862069,0.0,0.27777777777777807,1.8180793815233058,5.0,3.9221365744370402,DeepSeek-R1-Distill-Qwen-7B,8,240,240,3
k_32_alpha_3p0,32,3.0,1,0.743103448275862,0.15172413793103448,0.743103448275862,0.06918861276334086,uniform_route_state_calibration,32,0.7068965517241379,0.7750431034482759,0.0,0.3015873015873017,1.6983310987515332,5.0,3.9221365744370402,DeepSeek-R1-Distill-Qwen-7B,8,240,240,1
k_32_alpha_3p0,32,3.0,1,0.7344827586206897,0.16034482758620688,0.7344827586206897,0.07176496847751462,active_route_state_calibration,32,0.6990948275862069,0.7629741379310344,0.0,0.2619047619047622,1.913994197037785,5.0,3.9221365744370402,DeepSeek-R1-Distill-Qwen-7B,8,240,240,3
k_32_alpha_3p0,32,3.0,1,0.6775862068965517,0.21724137931034482,0.6775862068965517,0.1497814699488603,direct_retraining_budgeted_logistic_active_budget,,0.6421120689655172,0.7112499999999999,0.0,0.0,1.063684117901536,0.0,,DeepSeek-R1-Distill-Qwen-7B,8,240,240,
