mean_utility,oracle_regret,mean_quality,normalized_cost,method,K,utility_ci_low,utility_ci_high,recovered_gap_vs_learned,recovered_gap_vs_oracle,selected_model_entropy,rate_log2K,empirical_H_Z,ablation,split_seed,lambda_cost,train_fraction,train_query_count,d2_beta
0.7037037037037037,0.21225071225071226,0.7037037037037037,0.09736108743893515,best_single,,0.6866096866096866,0.7209045584045584,0.0,0.0,0.0,0.0,,k_lambda,,0.0,,,
0.7044159544159544,0.21153846153846154,0.7044159544159544,0.09515887254765502,semantic_embedding_kmeans,4,0.6881677350427351,0.7207977207977208,0.0,0.003355704697986391,0.8754825271418087,2.0,1.6706308107096737,k_lambda,,0.0,,,
0.6983618233618234,0.2175925925925926,0.6983618233618234,0.08678330622862276,flat_routecode_utility_oracle,4,0.6803507834757835,0.7115562678062678,0.0,-0.02516778523489924,1.559755772744995,2.0,1.95997448230027,k_lambda,,0.0,,,
0.8486467236467237,0.0673076923076923,0.8486467236467237,0.08101214915140104,regret_routecode_utility_oracle,4,0.8322115384615385,0.8629451566951567,0.0,0.6828859060402686,1.5175919645193612,2.0,1.5175919645193612,k_lambda,,0.0,,,
0.7054843304843305,0.21047008547008547,0.7054843304843305,0.0935183770163519,d2_embedding_centroid,4,0.6885238603988604,0.7206285612535612,0.0,0.00838926174496624,0.693381063771872,2.0,1.4883691682335902,k_lambda,,0.0,,,
0.7154558404558404,0.2004985754985755,0.7154558404558404,0.08331704867323797,semantic_embedding_kmeans,8,0.6999376780626781,0.7270566239316238,0.0,0.05536912751677833,1.8531120661901295,3.0,2.7965438729300303,k_lambda,,0.0,,,
0.7329059829059829,0.18304843304843305,0.7329059829059829,0.07646909216707505,flat_routecode_utility_oracle,8,0.7198985042735042,0.745219017094017,0.0,0.13758389261744935,1.8397700946975921,3.0,2.8937766387604613,k_lambda,,0.0,,,
0.8774928774928775,0.038461538461538464,0.8774928774928775,0.0323968758755569,regret_routecode_utility_oracle,8,0.8658742877492878,0.8900106837606837,0.0,0.818791946308725,2.313059841206459,3.0,2.313059841206459,k_lambda,,0.0,,,
0.7051282051282052,0.21082621082621084,0.7051282051282052,0.09422961931297087,d2_embedding_centroid,8,0.6847934472934473,0.7220708689458689,0.0,0.006711409395973305,1.4891395275754615,3.0,2.603656275429434,k_lambda,,0.0,,,
0.7222222222222222,0.19373219373219372,0.7222222222222222,0.07816589222034023,semantic_embedding_kmeans,16,0.7040598290598291,0.7370815527065526,0.0,0.08724832214765088,2.607028929515041,4.0,3.890203506504081,k_lambda,,0.0,,,
0.7382478632478633,0.1777065527065527,0.7382478632478633,0.07538276050152676,flat_routecode_utility_oracle,16,0.7187945156695157,0.7537482193732193,0.0,0.16275167785234912,2.4539206592716885,4.0,3.792365156449482,k_lambda,,0.0,,,
0.9091880341880342,0.006766381766381766,0.9091880341880342,0.06845950034029101,regret_routecode_utility_oracle,16,0.8988603988603988,0.9204148860398861,0.0,0.9681208053691275,2.670649773823517,4.0,2.670649773823517,k_lambda,,0.0,,,
0.7147435897435898,0.2012108262108262,0.7147435897435898,0.08283671279710714,d2_embedding_centroid,16,0.6949697293447293,0.7302439458689459,0.0,0.05201342281879194,2.10494763089091,4.0,3.5713929934693303,k_lambda,,0.0,,,
0.7200854700854701,0.19586894586894588,0.7200854700854701,0.08451908602728321,semantic_embedding_kmeans,32,0.7051282051282052,0.739164886039886,0.0,0.07718120805369118,2.4356339336233868,5.0,4.702006765300873,k_lambda,,0.0,,,
0.8144586894586895,0.1014957264957265,0.8144586894586895,0.032911802939772826,flat_routecode_utility_oracle,32,0.8032318376068376,0.8265847578347578,0.0,0.5218120805369129,3.417386934936822,5.0,4.700640852803087,k_lambda,,0.0,,,
0.915954415954416,0.0,0.915954415954416,0.022568096328325828,regret_routecode_utility_oracle,32,0.906321225071225,0.9250445156695157,0.0,1.0,3.1145477188338813,5.0,3.7396891220905366,k_lambda,,0.0,,,
0.7136752136752137,0.2022792022792023,0.7136752136752137,0.08139068105908702,d2_embedding_centroid,32,0.6990384615384615,0.7279380341880342,0.0,0.04697986577181209,2.4795071064282643,5.0,4.450870519405463,k_lambda,,0.0,,,
0.7193732193732194,0.19658119658119658,0.7193732193732194,0.08492358300397457,semantic_embedding_kmeans,64,0.7036680911680911,0.7352475071225071,0.0,0.07382550335570479,2.593604100207379,6.0,5.580438981893643,k_lambda,,0.0,,,
0.8482905982905983,0.06766381766381767,0.8482905982905983,0.02448515801404647,flat_routecode_utility_oracle,64,0.8336716524216524,0.8611289173789174,0.0,0.681208053691275,3.600275610122079,6.0,5.573124653008396,k_lambda,,0.0,,,
0.915954415954416,0.0,0.915954415954416,0.027913387900162217,regret_routecode_utility_oracle,64,0.9074074074074074,0.924537037037037,0.0,1.0,3.2246008842805045,6.0,4.273153116502381,k_lambda,,0.0,,,
0.7161680911680912,0.1997863247863248,0.7161680911680912,0.07792155922488074,d2_embedding_centroid,64,0.6976139601139602,0.7322115384615384,0.0,0.058724832214765245,2.6819408949048573,6.0,5.495735456674566,k_lambda,,0.0,,,
0.7133190883190883,0.20263532763532763,0.7133190883190883,0.08550949045433234,semantic_embedding_kmeans,128,0.6974269943019943,0.7306356837606838,0.0,0.045302013422818636,2.756404750644731,7.0,6.513140242616143,k_lambda,,0.0,,,
0.8735754985754985,0.04237891737891738,0.8735754985754985,0.02453857736196613,flat_routecode_utility_oracle,128,0.8605680199430199,0.8837695868945868,0.0,0.8003355704697985,3.897156222282424,7.0,6.400247159029367,k_lambda,,0.0,,,
0.915954415954416,0.0,0.915954415954416,0.02833975087516506,regret_routecode_utility_oracle,128,0.9081196581196581,0.9252492877492877,0.0,1.0,3.090447628534259,7.0,4.55858990277012,k_lambda,,0.0,,,
0.7126068376068376,0.20334757834757836,0.7126068376068376,0.07435409025413463,d2_embedding_centroid,128,0.6932870370370371,0.7293002136752136,0.0,0.041946308724832244,2.9811179598026474,7.0,6.476089650764061,k_lambda,,0.0,,,
0.7036782324854524,0.21227498726990743,0.7037037037037037,0.09736108743893515,best_single,,0.6865837374256251,0.7208795132367063,0.0,0.0,0.0,0.0,,k_lambda,,0.05,,,
0.7043910593323539,0.21156216042300569,0.7044159544159544,0.09515887254765502,semantic_embedding_kmeans,4,0.6881424499615261,0.7207731788925382,0.0,0.0033580350472248053,0.8754825271418087,2.0,1.6706308107096737,k_lambda,,0.05,,,
0.6983391163744658,0.2176141033808939,0.6983618233618234,0.08679510181926771,flat_routecode_utility_oracle,4,0.6803271646282247,0.7115338932637518,0.0,-0.02515188520161306,1.559606760484448,2.0,1.9604983324404126,k_lambda,,0.05,,,
0.8386706994900996,0.07728252026525996,0.8386752136752137,0.017255003952204917,regret_routecode_utility_oracle,4,0.8247460900133534,0.8518827121887911,0.0,0.6359320461670996,1.0497417599471068,2.0,1.0497417599471066,k_lambda,,0.05,,,
0.705459864580609,0.2104933551747507,0.7054843304843305,0.0935183770163519,d2_embedding_centroid,4,0.6884994793354905,0.7206048385038292,0.0,0.00839303828524719,0.693381063771872,2.0,1.4883691682335902,k_lambda,,0.05,,,
0.7154340433828348,0.20051917637252492,0.7154558404558404,0.08331704867323797,semantic_embedding_kmeans,8,0.6999152404875868,0.7270350973313363,0.0,0.055380104121428686,1.8531120661901295,3.0,2.7965438729300303,k_lambda,,0.05,,,
0.7300372616248931,0.18591595813046655,0.73005698005698,0.07537165955787982,flat_routecode_utility_oracle,8,0.7173680943818225,0.7432680504349858,0.0,0.124173975834116,2.1663534361216272,3.0,2.9079492206651283,k_lambda,,0.05,,,
0.8792709000264066,0.03668231972895299,0.8792735042735043,0.009954464167246362,regret_routecode_utility_oracle,8,0.8657202503493933,0.8899723069534652,0.0,0.8271943378693427,2.173853018777228,3.0,2.173853018777228,k_lambda,,0.05,,,
0.705103553152119,0.21084966660324075,0.7051282051282052,0.09422961931297087,d2_embedding_centroid,8,0.6847678322723869,0.7220468172861462,0.0,0.006714501246698369,1.4891395275754615,3.0,2.603656275429434,k_lambda,,0.05,,,
0.7236263199144053,0.1923268998409544,0.7236467236467237,0.07799114854739692,semantic_embedding_kmeans,16,0.7068888756465941,0.7391269013571902,0.0,0.09397285891054587,2.4655075604640535,4.0,3.890203506504081,k_lambda,,0.05,,,
0.7375155718119304,0.17843764794342948,0.7375356125356125,0.07660358572234148,flat_routecode_utility_oracle,16,0.7209464699049226,0.7510491713410526,0.0,0.15940332755009842,2.313080684359682,4.0,3.7457706623048246,k_lambda,,0.05,,,
0.9113235689817842,0.004629650773575498,0.9113247863247863,0.004653167245645281,regret_routecode_utility_oracle,16,0.9005864953936101,0.9206005780429002,0.0,0.978190314209328,2.626796478058317,4.0,2.626796478058317,k_lambda,,0.05,,,
0.7147219183341346,0.20123130142122508,0.7147435897435898,0.08283671279710714,d2_embedding_centroid,16,0.6949474831335306,0.7302224042862794,0.0,0.05202537515472875,2.10494763089091,4.0,3.5713929934693303,k_lambda,,0.05,,,
0.7193513771428242,0.19660184261253563,0.7193732193732194,0.08348965810691591,semantic_embedding_kmeans,32,0.7047312776424439,0.7389740126080478,0.0,0.07383415662366008,2.518247174555327,5.0,4.702006765300873,k_lambda,,0.05,,,
0.8308312408123041,0.08512197894305557,0.8308404558404558,0.03522348843996298,flat_routecode_utility_oracle,32,0.8170219866586427,0.8456371133994836,0.0,0.599001370638062,3.4962294677310672,5.0,4.7509833432385244,k_lambda,,0.05,,,
0.9159532197553598,0.0,0.915954415954416,0.004572346707647068,regret_routecode_utility_oracle,32,0.9063200248108779,0.9250432231213346,0.0,1.0,2.9226634823620965,5.0,3.724513861866032,k_lambda,,0.05,,,
0.7182832156703526,0.19767000408500712,0.7183048433048433,0.08266938754029032,d2_embedding_centroid,32,0.7020167285134643,0.7344957823223299,0.0,0.06880218613005969,2.3327143006843674,5.0,4.431189295074753,k_lambda,,0.05,,,
0.7189951076691418,0.19695811208621797,0.719017094017094,0.0840405325067233,semantic_embedding_kmeans,64,0.703663401004021,0.7352260900548451,0.0,0.0721558172287817,2.703243017334349,6.0,5.580438981893643,k_lambda,,0.05,,,
0.843654814499181,0.07229840525617877,0.8436609686609686,0.02352364453148586,flat_routecode_utility_oracle,64,0.8236756344324323,0.8555941823577541,0.0,0.6594115671091694,3.8823266545306456,6.0,5.588809673326673,k_lambda,,0.05,,,
0.9159532197553598,0.0,0.915954415954416,0.004572346707647068,regret_routecode_utility_oracle,64,0.9074061452869858,0.9245358169985483,0.0,1.0,2.9105265757929035,6.0,4.298618739509467,k_lambda,,0.05,,,
0.7214895709653312,0.1944636487900285,0.7215099715099715,0.07797896397893546,d2_embedding_centroid,64,0.7052222219491195,0.7377200576529394,0.0,0.08390691107300227,2.5646589108250035,6.0,5.485902373410799,k_lambda,,0.05,,,
0.7125891100739138,0.2033641096814459,0.7126068376068376,0.06776165419465538,semantic_embedding_kmeans,128,0.6965461132877925,0.7288552456848696,0.0,0.0419779913925104,2.887376434700065,7.0,6.513140242616143,k_lambda,,0.05,,,
0.8742818844183583,0.04167133533700143,0.8742877492877493,0.022417854378270357,flat_routecode_utility_oracle,128,0.8602061847295465,0.8858649986936669,0.0,0.8036917308395998,3.8639864282265077,7.0,6.450205386973595,k_lambda,,0.05,,,
0.9159532197553598,0.0,0.915954415954416,0.004572346707647068,regret_routecode_utility_oracle,128,0.9081185556865496,0.9252481099797493,0.0,1.0,2.6811493019139663,7.0,4.882195207214779,k_lambda,,0.05,,,
0.7097408423738427,0.2062123773815171,0.7097578347578347,0.06495162372395054,d2_embedding_centroid,128,0.6926284007166488,0.725260118369861,0.0,0.028560170778301613,3.0436132307193597,7.0,6.508897167892785,k_lambda,,0.05,,,
0.7036527612672009,0.2122992622891026,0.7037037037037037,0.09736108743893515,best_single,,0.6865577882415634,0.7208544680688541,0.0,0.0,0.0,0.0,,k_lambda,,0.1,,,
0.7043661642487535,0.2115858593075499,0.7044159544159544,0.09515887254765502,semantic_embedding_kmeans,4,0.6881171648803168,0.7207486369873558,0.0,0.003360364863544165,0.8754825271418087,2.0,1.6706308107096737,k_lambda,,0.1,,,
0.6983164093871083,0.2176356141691952,0.6983618233618234,0.08679510181926771,flat_routecode_utility_oracle,4,0.680303545780666,0.7115115187212359,0.0,-0.02513598880445355,1.559606760484448,2.0,1.9604983324404126,k_lambda,,0.1,,,
0.8386661853049858,0.07728583825131766,0.8386752136752137,0.017255003952204917,regret_routecode_utility_oracle,4,0.8247414677759944,0.8518779599901175,0.0,0.6359580461185396,1.0497417599471068,2.0,1.0497417599471066,k_lambda,,0.1,,,
0.7054353986768874,0.21051662487941594,0.7054843304843305,0.0935183770163519,d2_embedding_centroid,4,0.6884750982721207,0.7205811157540972,0.0,0.008396813961882726,0.693381063771872,2.0,1.4883691682335902,k_lambda,,0.1,,,
0.715412246309829,0.20053977724647434,0.7154558404558404,0.08331704867323797,semantic_embedding_kmeans,8,0.6998928029124956,0.7270135707310488,0.0,0.05539107821587454,1.8531120661901295,3.0,2.7965438729300303,k_lambda,,0.1,,,
0.7300175724090813,0.1859344511472222,0.73005698005698,0.0753158214689847,flat_routecode_utility_oracle,8,0.7173484181986653,0.7432491274386067,0.0,0.12418701251056452,2.1686135927986956,3.0,2.9076451762036823,k_lambda,,0.1,,,
0.879268295779309,0.036683727776994295,0.8792735042735043,0.009954464167246362,regret_routecode_utility_oracle,8,0.865717566225852,0.889969542681859,0.0,0.8272074646823803,2.173853018777228,3.0,2.173853018777228,k_lambda,,0.1,,,
0.7050789011760328,0.21087312238027064,0.7051282051282052,0.09422961931297087,d2_embedding_centroid,8,0.6847422172513266,0.7220227656264236,0.0,0.006717592390357999,1.4891395275754615,3.0,2.603656275429434,k_lambda,,0.1,,,
0.7236059161820869,0.19234610737421654,0.7236467236467237,0.07799114854739692,semantic_embedding_kmeans,16,0.7068689193843564,0.7391067229423006,0.0,0.09398598327541266,2.4655075604640535,4.0,3.890203506504081,k_lambda,,0.1,,,
0.7367830379658475,0.17916898559045585,0.7368233618233618,0.0770668795376521,flat_routecode_utility_oracle,16,0.719296618655934,0.7515723654843642,0.0,0.15605460113907926,2.4013033039152782,4.0,3.74590681838555,k_lambda,,0.1,,,
0.911322351638782,0.004629671917521368,0.9113247863247863,0.004653167245645281,regret_routecode_utility_oracle,16,0.9005853839496137,0.9205993042339484,0.0,0.9781927084079225,2.626796478058317,4.0,2.626796478058317,k_lambda,,0.1,,,
0.7147002469089743,0.20125177664732907,0.7147435897435898,0.0828367428127182,d2_embedding_centroid,16,0.6949252364675124,0.7302008636613925,0.0,0.052037324683348464,2.103762399541205,4.0,3.5713767175089326,k_lambda,,0.1,,,
0.7193295349124288,0.19662248864387463,0.7193732193732194,0.08348965810691591,semantic_embedding_kmeans,32,0.7047082817806143,0.7389522987203694,0.0,0.0738428079127273,2.518247174555327,5.0,4.702006765300873,k_lambda,,0.1,,,
0.8308219916185897,0.08513003193771368,0.8308404558404558,0.03528878559816061,flat_routecode_utility_oracle,32,0.8170123277547241,0.8456278295485408,0.0,0.5990092899061221,3.494942736932863,5.0,4.751314050987981,k_lambda,,0.1,,,
0.9159520235563033,0.0,0.915954415954416,0.004572346707647068,regret_routecode_utility_oracle,32,0.9063188245505307,0.9250419305731535,0.0,1.0,2.9226634823620965,5.0,3.724513861866032,k_lambda,,0.1,,,
0.7182615880358618,0.19769043552044158,0.7183048433048433,0.08266938754029032,d2_embedding_centroid,32,0.7019946393631108,0.7344741145022098,0.0,0.06881242360968307,2.3327143006843674,5.0,4.431189295074753,k_lambda,,0.1,,,
0.7189731213211894,0.19697890223511394,0.719017094017094,0.0840405325067233,semantic_embedding_kmeans,64,0.7036409045721448,0.7352046729871831,0.0,0.07216398158334497,2.703243017334349,6.0,5.580438981893643,k_lambda,,0.1,,,
0.8454303046943019,0.07052171886200143,0.8454415954415955,0.021578854682907656,flat_routecode_utility_oracle,64,0.8252816548728615,0.857556130847581,0.0,0.6678192938514917,3.873752293878823,6.0,5.581770914133354,k_lambda,,0.1,,,
0.9159520235563033,0.0,0.915954415954416,0.004572346707647068,regret_routecode_utility_oracle,64,0.9074048831665642,0.9245345969600596,0.0,1.0,2.91143476066966,6.0,4.298120271578485,k_lambda,,0.1,,,
0.7143463706588319,0.2016056528974715,0.7143874643874644,0.07853825574979753,d2_embedding_centroid,64,0.6997437853672017,0.7321884718786102,0.0,0.05037045007282587,2.627301382878516,6.0,5.462134712266595,k_lambda,,0.1,,,
0.71257138254099,0.20338064101531342,0.7126068376068376,0.06776165419465538,semantic_embedding_kmeans,128,0.6965288362621946,0.7288376281218759,0.0,0.04200966681478132,2.887376434700065,7.0,6.513140242616143,k_lambda,,0.1,,,
0.8742760195489673,0.04167600400733618,0.8742877492877493,0.022417854378270357,flat_routecode_utility_oracle,128,0.8602004748721982,0.8858592708916071,0.0,0.8036921864072095,3.8639864282265077,7.0,6.450205386973595,k_lambda,,0.1,,,
0.9159520235563033,0.0,0.915954415954416,0.004572346707647068,regret_routecode_utility_oracle,128,0.9081174532534412,0.925246932210211,0.0,1.0,2.6816667862508714,7.0,4.883131413095568,k_lambda,,0.1,,,
0.7132834768163818,0.20266854673992166,0.7133190883190883,0.06806063602102363,d2_embedding_centroid,128,0.6983257687105929,0.7303781040070264,0.0,0.04536386723787165,3.0836855694153993,7.0,6.496363904564573,k_lambda,,0.1,,,
0.703601818830698,0.21234781232749292,0.7037037037037037,0.09736108743893515,best_single,,0.6865058898734402,0.72080437773315,0.0,0.0,0.0,0.0,,k_lambda,,0.2,,,
0.7043163740815528,0.2116332570766382,0.7044159544159544,0.09515887254765502,semantic_embedding_kmeans,4,0.6880665947178989,0.7206995531769907,0.0,0.0033650228981536266,0.8754825271418087,2.0,1.6706308107096737,k_lambda,,0.2,,,
0.6982709954123931,0.2176786357457977,0.6983618233618234,0.08679510181926771,flat_routecode_utility_oracle,4,0.6802563080855485,0.7114667696362037,0.0,-0.02510420691353001,1.559606760484448,2.0,1.9604983324404126,k_lambda,,0.2,,,
0.8386571569347577,0.07729247422343305,0.8386752136752137,0.017255003952204917,regret_routecode_utility_oracle,4,0.8247322233012767,0.8518684555927706,0.0,0.6360100281879572,1.0497417599471068,2.0,1.0497417599471066,k_lambda,,0.2,,,
0.7053864668694445,0.21056316428874644,0.7054843304843305,0.0935183770163519,d2_embedding_centroid,4,0.6884263361453811,0.7205336702546332,0.0,0.008404362725405394,0.693381063771872,2.0,1.4883691682335902,k_lambda,,0.2,,,
0.7153686521638177,0.20058097899437322,0.7154558404558404,0.08331704867323797,semantic_embedding_kmeans,8,0.6998479277623131,0.7269705175304736,0.0,0.05541301887759699,1.8531120661901295,3.0,2.7965438729300303,k_lambda,,0.2,,,
0.7299781737460826,0.18597145741210827,0.73005698005698,0.07530723550684468,flat_routecode_utility_oracle,8,0.7173090508246475,0.7432112129873985,0.0,0.12421298164685508,2.1680154008840433,3.0,2.907925005249957,k_lambda,,0.2,,,
0.879263087285114,0.036686543873076925,0.8792735042735043,0.009954464167246362,regret_routecode_utility_oracle,8,0.8657121979787697,0.8899640141386467,0.0,0.8272337093047275,2.173853018777228,3.0,2.173853018777228,k_lambda,,0.2,,,
0.7050297069450855,0.2109199242131054,0.7051282051282052,0.09412476981497457,d2_embedding_centroid,8,0.6846910442598254,0.721974827262776,0.0,0.006724289262680918,1.4794171572316197,3.0,2.5934419975547582,k_lambda,,0.2,,,
0.7235651087174502,0.19238452244074075,0.7236467236467237,0.07799114854739692,semantic_embedding_kmeans,16,0.7068290068598807,0.7390663661125214,0.0,0.0940122230030978,2.4655075604640535,4.0,3.890203506504081,k_lambda,,0.2,,,
0.7367427141083334,0.17920691704985756,0.7368233618233618,0.0770668795376521,flat_routecode_utility_oracle,16,0.719255630474261,0.7515332637322614,0.0,0.15606892726789176,2.4013033039152782,4.0,3.74590681838555,k_lambda,,0.2,,,
0.9113199169527778,0.004629714205413105,0.9113247863247863,0.004653167245645281,regret_routecode_utility_oracle,16,0.9005831610616204,0.9205967566160452,0.0,0.9781974951629223,2.626796478058317,4.0,2.626796478058317,k_lambda,,0.2,,,
0.7139512853676638,0.20199834579052708,0.7140313390313391,0.07649920463122735,d2_embedding_centroid,16,0.6923579812971208,0.7307289838791986,0.0,0.04873827718556597,2.3546084746228995,4.0,3.549620625595529,k_lambda,,0.2,,,
0.7192858504516382,0.1966637807065527,0.7193732193732194,0.08348965810691591,semantic_embedding_kmeans,32,0.7046622900569551,0.7389088709450125,0.0,0.07386010455691237,2.518247174555327,5.0,4.702006765300873,k_lambda,,0.2,,,
0.8119403650782051,0.10400926607998574,0.811965811965812,0.024317021518979312,flat_routecode_utility_oracle,32,0.797473885146282,0.8260160480472294,0.0,0.5101938421688202,3.576258333692142,5.0,4.704835196524339,k_lambda,,0.2,,,
0.9159496311581908,0.0,0.915954415954416,0.004572346707647068,regret_routecode_utility_oracle,32,0.9063164240298361,0.9250393454767913,0.0,1.0,3.0908530179978357,5.0,3.6730279206561187,k_lambda,,0.2,,,
0.7182183368621794,0.19773129429601144,0.7183048433048433,0.08266547407633427,d2_embedding_centroid,32,0.7019504634084758,0.734430774629546,0.0,0.06883291083281405,2.3338137470217175,5.0,4.4343122074821935,k_lambda,,0.2,,,
0.7189291486252849,0.197020482532906,0.719017094017094,0.0840405325067233,semantic_embedding_kmeans,64,0.7035959117083921,0.7351618388518589,0.0,0.07218030469251276,2.703243017334349,6.0,5.580438981893643,k_lambda,,0.2,,,
0.8461297189663105,0.06981991219188034,0.8461538461538461,0.023055917390003077,flat_routecode_utility_oracle,64,0.8278958905940669,0.8586651163725336,0.0,0.671200228405458,3.859258452939776,6.0,5.595552264373531,k_lambda,,0.2,,,
0.9159496311581908,0.0,0.915954415954416,0.004572346707647068,regret_routecode_utility_oracle,64,0.9074023589257212,0.9245321568830822,0.0,1.0,2.91143476066966,6.0,4.298120271578487,k_lambda,,0.2,,,
0.7167991668849003,0.19915046427329058,0.7168803418803419,0.07757074819735275,d2_embedding_centroid,64,0.7010948009357586,0.7337419729207123,0.0,0.062149677501027345,2.607474560647209,6.0,5.459416005339143,k_lambda,,0.2,,,
0.7125359274751425,0.20341370368304842,0.7126068376068376,0.06776165419465538,semantic_embedding_kmeans,128,0.696494282210999,0.7288023929958884,0.0,0.04207299593304,2.887376434700065,7.0,6.513140242616143,k_lambda,,0.2,,,
0.8699961568691594,0.04595347428903134,0.8700142450142451,0.017285014186316894,flat_routecode_utility_oracle,128,0.8589383479632301,0.8828541517887233,0.0,0.7835933707753024,3.959599465618146,7.0,6.438334654189038,k_lambda,,0.2,,,
0.9159496311581908,0.0,0.915954415954416,0.004572346707647068,regret_routecode_utility_oracle,128,0.9081152483872241,0.9252445766711342,0.0,1.0,2.915985986464866,7.0,4.7538958121093025,k_lambda,,0.2,,,
0.7132478653136752,0.20270176584451566,0.7133190883190883,0.06806063602102363,d2_embedding_centroid,128,0.6982897140593626,0.7303431026009474,0.0,0.04542569276909101,3.0836855694153993,7.0,6.496363904564573,k_lambda,,0.2,,,
0.7147435897435898,0.2012108262108262,0.7147435897435898,0.08283671279710714,d2_embedding_centroid,16,0.6976317663817664,0.7317574786324786,0.0,0.05201342281879194,2.10494763089091,4.0,3.5713929934693303,rate_penalty,,0.0,,,0.0
0.7143874643874644,0.20156695156695156,0.7143874643874644,0.08284583924443402,d2_embedding_centroid,16,0.7024483618233618,0.7323985042735042,0.0,0.05033557046979848,2.1046529558186937,4.0,3.5713798609849357,rate_penalty,,0.0,,,0.1
0.7147435897435898,0.2012108262108262,0.7147435897435898,0.08286377047519246,d2_embedding_centroid,16,0.6969373219373219,0.7313479344729344,0.0,0.05201342281879194,2.1046529558186937,4.0,3.5728716615581986,rate_penalty,,0.0,,,1.0
0.7147435897435898,0.2012108262108262,0.7147435897435898,0.08285196644478388,d2_embedding_centroid,16,0.6997685185185185,0.7341613247863248,0.0,0.05201342281879194,2.1025597277173578,4.0,3.5736105915864984,rate_penalty,,0.0,,,3.0
0.7051282051282052,0.20904558404558404,0.7051282051282052,0.09750500614096372,best_single,,0.6897257834757835,0.7204950142450143,0.0,0.0,0.0,0.0,,seed_stability,3,0.0,,,
0.7022792022792023,0.2118945868945869,0.7022792022792023,0.06525154220565076,kNN,,0.6858974358974359,0.7171029202279202,0.0,-0.013628620102214956,3.3502001637788927,0.0,,seed_stability,3,0.0,,,
0.48646723646723644,0.4277065527065527,0.48646723646723644,0.01876745031678255,logistic_embedding_router,,0.466488603988604,0.5048344017094016,0.0,-1.0459965928449748,1.6668326453283977,0.0,,seed_stability,3,0.0,,,
0.5032051282051282,0.41096866096866097,0.5032051282051282,0.01688247676930293,svm_embedding_router,,0.4827190170940171,0.5174501424501424,0.0,-0.9659284497444637,2.0356616137563943,0.0,,seed_stability,3,0.0,,,
0.7264957264957265,0.18767806267806267,0.7264957264957265,0.07705108772531355,d2_embedding_centroid,16,0.7091969373219373,0.7431000712250712,0.0,0.10221465076660952,2.034100059859957,4.0,3.4353350244667515,seed_stability,3,0.0,,,
0.7037037037037037,0.21225071225071226,0.7037037037037037,0.09736108743893515,best_single,,0.6866096866096866,0.7209045584045584,0.0,0.0,0.0,0.0,,seed_stability,7,0.0,,,
0.7022792022792023,0.21367521367521367,0.7022792022792023,0.07081212264183125,kNN,,0.6883725071225071,0.7183048433048433,0.0,-0.006711409395973305,3.2596809663941735,0.0,,seed_stability,7,0.0,,,
0.5081908831908832,0.4077635327635328,0.5081908831908832,0.02234437759171512,logistic_embedding_router,,0.4948272792022792,0.5263888888888889,0.0,-0.9211409395973154,1.7552742538505184,0.0,,seed_stability,7,0.0,,,
0.49145299145299143,0.42450142450142453,0.49145299145299143,0.01838091334490623,svm_embedding_router,,0.4804131054131054,0.5122150997150997,0.0,-1.0000000000000002,2.0694638192463843,0.0,,seed_stability,7,0.0,,,
0.7147435897435898,0.2012108262108262,0.7147435897435898,0.08283671279710714,d2_embedding_centroid,16,0.6976317663817664,0.7317574786324786,0.0,0.05201342281879194,2.10494763089091,4.0,3.5713929934693303,seed_stability,7,0.0,,,
0.7104700854700855,0.2118945868945869,0.7104700854700855,0.09719754669265644,best_single,,0.6924768518518518,0.7261752136752136,0.0,0.0,0.0,0.0,,seed_stability,11,0.0,,,
0.7240028490028491,0.19836182336182337,0.7240028490028491,0.06520990133637909,kNN,,0.7109953703703703,0.7407407407407407,1.0,0.06386554621848753,3.2688182867942017,0.0,,seed_stability,11,0.0,,,
0.5039173789173789,0.4184472934472934,0.5039173789173789,0.02348877834033811,logistic_embedding_router,,0.48465099715099713,0.5225249287749287,-15.26315789473682,-0.9747899159663872,1.6478534435358874,0.0,,seed_stability,11,0.0,,,
0.47863247863247865,0.44373219373219375,0.47863247863247865,0.013841002127854503,svm_embedding_router,,0.46118233618233617,0.4963051994301994,-17.13157894736839,-1.0941176470588239,1.8538359126947574,0.0,,seed_stability,11,0.0,,,
0.7350427350427351,0.18732193732193733,0.7350427350427351,0.07923183776747224,d2_embedding_centroid,16,0.7193376068376068,0.7507656695156695,1.8157894736842088,0.11596638655462199,1.578404115662317,4.0,3.5215296623817873,seed_stability,11,0.0,,,
0.7037037037037037,0.21225071225071226,0.7037037037037037,0.09736108743893515,best_single,,0.6866096866096866,0.7209045584045584,0.0,0.0,0.0,0.0,,train_fraction,,,0.25,2106,
0.7040598290598291,0.2118945868945869,0.7040598290598291,0.065564155838068,kNN,,0.688034188034188,0.7204594017094017,0.0,0.001677852348993457,3.354923069650897,0.0,,train_fraction,,,0.25,2106,
0.5181623931623932,0.3977920227920228,0.5181623931623932,0.02337616755690362,logistic_embedding_router,,0.5013888888888889,0.5402777777777777,0.0,-0.8741610738255032,2.1055565246275085,0.0,,train_fraction,,,0.25,2106,
0.5121082621082621,0.40384615384615385,0.5121082621082621,0.024799270226704737,svm_embedding_router,,0.496741452991453,0.5353454415954416,0.0,-0.9026845637583895,2.2340205282919494,0.0,,train_fraction,,,0.25,2106,
0.6990740740740741,0.2168803418803419,0.6990740740740741,0.09644627457179976,d2_embedding_centroid,16,0.6862001424501425,0.7147792022792023,0.0,-0.02181208053691285,2.298441686410376,4.0,3.5059665983431385,train_fraction,,,0.25,2106,
0.7037037037037037,0.21225071225071226,0.7037037037037037,0.09736108743893515,best_single,,0.6866096866096866,0.7209045584045584,0.0,0.0,0.0,0.0,,train_fraction,,,0.5,4212,
0.7101139601139601,0.20584045584045585,0.7101139601139601,0.07069021209354676,kNN,,0.6935096153846154,0.7263265669515669,0.0,0.03020134228187909,3.2476299861972353,0.0,,train_fraction,,,0.5,4212,
0.5174501424501424,0.39850427350427353,0.5174501424501424,0.024854342475110903,logistic_embedding_router,,0.49979522792022796,0.5365295584045584,0.0,-0.8775167785234902,1.9974618465694691,0.0,,train_fraction,,,0.5,4212,
0.5167378917378918,0.3992165242165242,0.5167378917378918,0.021087520501546986,svm_embedding_router,,0.5012197293447294,0.5347667378917379,0.0,-0.8808724832214766,2.080933752875796,0.0,,train_fraction,,,0.5,4212,
0.7154558404558404,0.2004985754985755,0.7154558404558404,0.08008452397435145,d2_embedding_centroid,16,0.7003116096866097,0.7319088319088319,0.0,0.05536912751677833,2.051650420929556,4.0,3.1771049522204065,train_fraction,,,0.5,4212,
0.7037037037037037,0.21225071225071226,0.7037037037037037,0.09736108743893515,best_single,,0.6866096866096866,0.7209045584045584,0.0,0.0,0.0,0.0,,train_fraction,,,1.0,8425,
0.7026353276353277,0.21331908831908833,0.7026353276353277,0.07056567405626157,kNN,,0.6874910968660969,0.7204415954415955,0.0,-0.005033557046979848,3.247818642589703,0.0,,train_fraction,,,1.0,8425,
0.5081908831908832,0.4077635327635328,0.5081908831908832,0.022342157117122924,logistic_embedding_router,,0.4948272792022792,0.5263888888888889,0.0,-0.9211409395973154,1.7580622207647152,0.0,,train_fraction,,,1.0,8425,
0.5113960113960114,0.4045584045584046,0.5113960113960114,0.023378923071673913,svm_embedding_router,,0.49570868945868946,0.5320690883190883,0.0,-0.9060402684563759,2.0771080939580298,0.0,,train_fraction,,,1.0,8425,
0.7083333333333334,0.20762108262108261,0.7083333333333334,0.08248774864850393,d2_embedding_centroid,16,0.6901353276353276,0.7256143162393163,0.0,0.02181208053691285,2.1797574756720164,4.0,3.5869619073354935,train_fraction,,,1.0,8425,
